/*
 Navicat Premium Data Transfer

 Source Server         : zy_blog
 Source Server Type    : MySQL
 Source Server Version : 50650
 Source Host           : 114.117.164.181:3306
 Source Schema         : mg_db

 Target Server Type    : MySQL
 Target Server Version : 50650
 File Encoding         : 65001

 Date: 12/11/2022 16:16:27
*/

SET NAMES utf8mb4;
SET FOREIGN_KEY_CHECKS = 0;

-- ----------------------------
-- Table structure for mg_about
-- ----------------------------
DROP TABLE IF EXISTS `mg_about`;
CREATE TABLE `mg_about`  (
  `id` char(36) CHARACTER SET utf8 COLLATE utf8_bin NOT NULL,
  `about_content` longtext CHARACTER SET utf8 COLLATE utf8_general_ci NULL COMMENT '关于博主内容',
  `createdAt` datetime NOT NULL,
  `updatedAt` datetime NOT NULL,
  PRIMARY KEY (`id`) USING BTREE
) ENGINE = InnoDB CHARACTER SET = utf8 COLLATE = utf8_general_ci ROW_FORMAT = COMPACT;

-- ----------------------------
-- Records of mg_about
-- ----------------------------
INSERT INTO `mg_about` VALUES ('aec4181a-bcab-4e7f-aa93-189c38a2ca87', '\n> 及时当勉励，岁月不待人。\n\n- Hello，大家好呀，我是“芒果快熟”，是本站的作者。\n:black_nib: 2年前端开发工作经验\n:heart: 喜欢编程\n:airplane: 现居贵阳\n\n- 有啥优化建议或者页面有bug可以反馈给我,联系方式见最下方,感谢！\n- :smile_cat:邮箱：1840354092@qq.com\n\n- :smile_cat:留言：[下方留言板](http://www.zhouyi.run/#/about)\n\n **欢迎您的来访...**\n- ?贴上博客小程序\n![mini.jpg](http://zhouyi.run:5222/api/public/admin/getFiles?id=e51aeec84e5e3c35dd5861223e2b1ce0.jpg&&mimetype=image/jpeg)', '2022-04-23 13:00:29', '2022-08-18 16:39:50');

-- ----------------------------
-- Table structure for mg_analysis
-- ----------------------------
DROP TABLE IF EXISTS `mg_analysis`;
CREATE TABLE `mg_analysis`  (
  `id` char(36) CHARACTER SET utf8 COLLATE utf8_bin NOT NULL,
  `pid` varchar(255) CHARACTER SET utf8 COLLATE utf8_general_ci NULL DEFAULT NULL COMMENT '父级ID',
  `axi_x` varchar(255) CHARACTER SET utf8 COLLATE utf8_general_ci NULL DEFAULT NULL COMMENT 'GST',
  `axi_y` float NULL DEFAULT NULL COMMENT '平均数',
  `axi_y_a` float NULL DEFAULT NULL COMMENT '标准误',
  `remark` varchar(255) CHARACTER SET utf8 COLLATE utf8_general_ci NULL DEFAULT NULL COMMENT '备注',
  `createdAt` datetime NOT NULL,
  `updatedAt` datetime NOT NULL,
  PRIMARY KEY (`id`) USING BTREE
) ENGINE = InnoDB CHARACTER SET = utf8 COLLATE = utf8_general_ci ROW_FORMAT = DYNAMIC;

-- ----------------------------
-- Records of mg_analysis
-- ----------------------------
INSERT INTO `mg_analysis` VALUES ('07be5d7b-6d50-4492-a095-e1c375ea4c29', 'd261ee54-80b3-4377-b25b-bc4b078b148c', '氯虫M-M', 737.558, 132.033, NULL, '2022-06-24 18:58:50', '2022-06-24 18:58:50');
INSERT INTO `mg_analysis` VALUES ('31c64586-c668-4053-bee1-8577bf31dc78', 'd261ee54-80b3-4377-b25b-bc4b078b148c', '阿维菌素M-M', 1221.93, 97.1097, NULL, '2022-06-24 18:58:50', '2022-06-24 18:58:50');
INSERT INTO `mg_analysis` VALUES ('40b46e3b-a6a0-49a0-977c-ee65ced665f2', '5a068b21-cfc0-4d12-9457-99a5e9409367', 'CKM-D', 124.26, 3.45219, NULL, '2022-06-24 20:25:05', '2022-06-24 20:25:05');
INSERT INTO `mg_analysis` VALUES ('485e62f2-9bb8-4883-8ab6-09fd084ac3b2', '5a068b21-cfc0-4d12-9457-99a5e9409367', 'CKM-M', 270.339, 15.207, NULL, '2022-06-24 20:25:05', '2022-06-24 20:25:05');
INSERT INTO `mg_analysis` VALUES ('5a735295-6c7e-4a26-bbd5-8b26452d13d3', 'd261ee54-80b3-4377-b25b-bc4b078b148c', '茚虫威M-M', 1239.35, 35.119, NULL, '2022-06-24 18:58:50', '2022-06-24 18:58:50');
INSERT INTO `mg_analysis` VALUES ('610d4957-8f95-4106-a429-9b4b370433d2', '5a068b21-cfc0-4d12-9457-99a5e9409367', '阿维菌素M-M', 1221.93, 97.1097, NULL, '2022-06-24 20:25:05', '2022-06-24 20:25:05');
INSERT INTO `mg_analysis` VALUES ('6e4412cd-4c58-44f4-a7be-a3895bb70624', '5a068b21-cfc0-4d12-9457-99a5e9409367', '毒死蜱M-M', 551.156, 61.2885, NULL, '2022-06-24 20:25:05', '2022-06-24 20:25:05');
INSERT INTO `mg_analysis` VALUES ('7040987e-5c16-4450-af72-1ba8f4e3acd7', 'd261ee54-80b3-4377-b25b-bc4b078b148c', '茚虫威M-D', 909.13, 28.3813, NULL, '2022-06-24 18:58:50', '2022-06-24 18:58:50');
INSERT INTO `mg_analysis` VALUES ('7ae5e067-a9c7-4423-8ba0-91c5059dbe7e', '5a068b21-cfc0-4d12-9457-99a5e9409367', 'CKM-D', 124.26, 3.45219, NULL, '2022-06-24 20:25:05', '2022-06-24 20:25:05');
INSERT INTO `mg_analysis` VALUES ('81952029-427a-4981-876d-a66c49cccccf', '5a068b21-cfc0-4d12-9457-99a5e9409367', 'CKM-M', 270.339, 15.207, NULL, '2022-06-24 20:25:05', '2022-06-24 20:25:05');
INSERT INTO `mg_analysis` VALUES ('9d0c67bd-7c14-4515-b868-3a734f9d4679', '5a068b21-cfc0-4d12-9457-99a5e9409367', '氯虫M-D', 684.043, 123.451, NULL, '2022-06-24 20:25:05', '2022-06-24 20:25:05');
INSERT INTO `mg_analysis` VALUES ('af54928f-bcbd-46ba-8306-d1eeffeb658e', 'd261ee54-80b3-4377-b25b-bc4b078b148c', '毒死蜱M-D', 799.725, 77.2595, NULL, '2022-06-24 18:58:50', '2022-06-24 18:58:50');
INSERT INTO `mg_analysis` VALUES ('b238cdbf-2612-4dc0-8856-066036f313eb', '5a068b21-cfc0-4d12-9457-99a5e9409367', '毒死蜱M-D', 799.725, 77.2595, NULL, '2022-06-24 20:25:05', '2022-06-24 20:25:05');
INSERT INTO `mg_analysis` VALUES ('b7ee6eb5-6c83-4312-85d8-4ef824d4ff7f', 'd261ee54-80b3-4377-b25b-bc4b078b148c', 'CKM-M', 270.339, 15.207, NULL, '2022-06-24 18:58:50', '2022-06-24 18:58:50');
INSERT INTO `mg_analysis` VALUES ('bc2df17f-2ea8-4207-add8-e9f17641960d', 'd261ee54-80b3-4377-b25b-bc4b078b148c', '氯虫M-D', 684.043, 123.451, NULL, '2022-06-24 18:58:50', '2022-06-24 18:58:50');
INSERT INTO `mg_analysis` VALUES ('c71e94e1-d463-42b0-b3f8-52116f25760c', 'd261ee54-80b3-4377-b25b-bc4b078b148c', 'CKM-M', 270.339, 15.207, NULL, '2022-06-24 18:58:50', '2022-06-24 18:58:50');
INSERT INTO `mg_analysis` VALUES ('d056de02-03de-4671-b8cf-deb707937f8b', 'd261ee54-80b3-4377-b25b-bc4b078b148c', '毒死蜱M-M', 551.156, 61.2885, NULL, '2022-06-24 18:58:50', '2022-06-24 18:58:50');
INSERT INTO `mg_analysis` VALUES ('e4226989-2eeb-42b2-93be-55fb53b25f96', 'd261ee54-80b3-4377-b25b-bc4b078b148c', 'CKM-D', 124.26, 3.45219, NULL, '2022-06-24 18:58:50', '2022-06-24 18:58:50');
INSERT INTO `mg_analysis` VALUES ('e484cd4f-4324-4c1d-bb2f-59b562534499', '5a068b21-cfc0-4d12-9457-99a5e9409367', '茚虫威M-M', 1239.35, 35.119, NULL, '2022-06-24 20:25:05', '2022-06-24 20:25:05');
INSERT INTO `mg_analysis` VALUES ('eab3e06d-5f1e-4af6-8a62-eda3cd636a95', '5a068b21-cfc0-4d12-9457-99a5e9409367', '氯虫M-M', 737.558, 132.033, NULL, '2022-06-24 20:25:05', '2022-06-24 20:25:05');
INSERT INTO `mg_analysis` VALUES ('f29c4a2c-ae07-4c8e-85d6-afdfa569c726', '5a068b21-cfc0-4d12-9457-99a5e9409367', '茚虫威M-D', 909.13, 28.3813, NULL, '2022-06-24 20:25:05', '2022-06-24 20:25:05');

-- ----------------------------
-- Table structure for mg_article_tags
-- ----------------------------
DROP TABLE IF EXISTS `mg_article_tags`;
CREATE TABLE `mg_article_tags`  (
  `id` char(36) CHARACTER SET utf8 COLLATE utf8_bin NOT NULL,
  `article_id` varchar(255) CHARACTER SET utf8 COLLATE utf8_general_ci NOT NULL COMMENT '文章id',
  `tag_id` varchar(255) CHARACTER SET utf8 COLLATE utf8_general_ci NOT NULL COMMENT '标签id',
  `createdAt` datetime NOT NULL,
  `updatedAt` datetime NOT NULL,
  PRIMARY KEY (`id`) USING BTREE,
  UNIQUE INDEX `ArticleTags`(`article_id`, `tag_id`) USING BTREE
) ENGINE = InnoDB CHARACTER SET = utf8 COLLATE = utf8_general_ci ROW_FORMAT = COMPACT;

-- ----------------------------
-- Records of mg_article_tags
-- ----------------------------
INSERT INTO `mg_article_tags` VALUES ('08f32a09-ad65-4f37-9438-706258f883b7', '6d84423d-a721-4b20-bfc7-7eb48ec430c9', '5ebf25ef-93ed-4625-8cb0-b8c185f2ee55', '2022-07-17 12:06:51', '2022-07-17 12:06:51');
INSERT INTO `mg_article_tags` VALUES ('09fbb390-9b61-4d10-b930-93ede540b217', '21b9f626-b6e3-4dab-9e04-f088e8d6df03', 'beaea537-24ad-45a1-93e3-cac43f2a735e', '2022-05-09 13:19:58', '2022-05-09 13:19:58');
INSERT INTO `mg_article_tags` VALUES ('103a7063-5721-49ae-8f33-ac1bb311733b', '10486e3a-1579-47f6-a549-671529776450', 'beaea537-24ad-45a1-93e3-cac43f2a735e', '2022-05-26 20:34:13', '2022-05-26 20:34:13');
INSERT INTO `mg_article_tags` VALUES ('1a1cfb39-8dcf-40d3-857a-24350fef06b9', '9ebe1246-c190-41b8-8392-e16cf810f248', '5ebf25ef-93ed-4625-8cb0-b8c185f2ee55', '2022-05-28 19:52:51', '2022-05-28 19:52:51');
INSERT INTO `mg_article_tags` VALUES ('32a9b14d-e392-413c-bf63-62bbae6bba34', '5e1ef819-0003-4621-a0e2-be1da6ae3695', '86c6f25e-580e-4ec2-87b8-14c1f272d5a0', '2022-10-06 14:13:52', '2022-10-06 14:13:52');
INSERT INTO `mg_article_tags` VALUES ('3919dd51-76ba-489d-bef5-41f8cee89f9a', '6c0d32eb-9995-4194-9f99-a718d3ee0ae8', 'beaea537-24ad-45a1-93e3-cac43f2a735e', '2022-05-07 15:30:51', '2022-05-07 15:30:51');
INSERT INTO `mg_article_tags` VALUES ('3bc9d2b4-41fb-4ab8-bb3e-f152f5ed9dca', 'cf4609ca-1371-4096-9bf6-437681bc2590', '86c6f25e-580e-4ec2-87b8-14c1f272d5a0', '2022-07-26 09:58:26', '2022-07-26 09:58:26');
INSERT INTO `mg_article_tags` VALUES ('5208bce9-9e27-4c12-bd75-5dac2f9f9665', 'd679782d-86dd-42ed-9084-58f1aabf58b5', '86c6f25e-580e-4ec2-87b8-14c1f272d5a0', '2022-09-22 14:39:27', '2022-09-22 14:39:27');
INSERT INTO `mg_article_tags` VALUES ('666c8ba4-123a-47ca-a537-e95e4aa92a0c', '6b57b52a-2f63-49ca-aa13-c2edc7aae8ba', '86c6f25e-580e-4ec2-87b8-14c1f272d5a0', '2022-07-06 09:42:02', '2022-07-06 09:42:02');
INSERT INTO `mg_article_tags` VALUES ('7339643c-ec23-4e76-9ccf-cb8070a9f6c4', '546ee5a8-ea0f-43bd-92b4-f4d41c545b97', 'bb2bcdff-249d-4663-b95c-426c9e4ac5db', '2022-06-01 17:51:43', '2022-06-01 17:51:43');
INSERT INTO `mg_article_tags` VALUES ('7926aad5-2750-409a-b5a8-f9beffc6cb1b', '49bd5f91-a08a-4548-ae83-f5a66fadcab5', 'beaea537-24ad-45a1-93e3-cac43f2a735e', '2022-05-07 15:45:07', '2022-05-07 15:45:07');
INSERT INTO `mg_article_tags` VALUES ('9a15aca8-c5d7-4d3b-b9e4-628dbbb3010d', '02ace927-8356-4297-8fcd-9db2841309fc', 'beaea537-24ad-45a1-93e3-cac43f2a735e', '2022-05-27 11:39:46', '2022-05-27 11:39:46');
INSERT INTO `mg_article_tags` VALUES ('a4aa6411-5255-41e3-a477-3bbfeb8ccd7e', '7ce524b4-f5a1-47c2-a2b7-0ec09f2d5705', 'bb2bcdff-249d-4663-b95c-426c9e4ac5db', '2022-06-01 17:20:40', '2022-06-01 17:20:40');
INSERT INTO `mg_article_tags` VALUES ('a54a7264-95e4-46b1-bf77-f51bec02f12b', 'f80d786a-b735-42be-abdf-532d93097c17', 'beaea537-24ad-45a1-93e3-cac43f2a735e', '2022-05-08 22:49:13', '2022-05-08 22:49:13');
INSERT INTO `mg_article_tags` VALUES ('bb8b916d-47b1-4c72-bf94-a58cdeda2248', '1c42d541-ed6f-447b-998e-ade64ba10eeb', 'beaea537-24ad-45a1-93e3-cac43f2a735e', '2022-05-07 15:49:12', '2022-05-07 15:49:12');
INSERT INTO `mg_article_tags` VALUES ('df04945f-f9c8-45cb-96f8-9f55a28224e5', '5e1ef819-0003-4621-a0e2-be1da6ae3695', '7cef493a-1070-4de7-a8e0-7637d3ed4cce', '2022-10-06 14:13:52', '2022-10-06 14:13:52');
INSERT INTO `mg_article_tags` VALUES ('e3e2fc6a-73b1-4c3a-9494-eefd0d6a09d5', '32737ff6-ca18-49f4-b8f9-1c942e7b9617', '3508d25d-383a-41ac-8992-436f7c12e46d', '2022-08-15 11:26:18', '2022-08-15 11:26:18');
INSERT INTO `mg_article_tags` VALUES ('ff0aadb1-bcfd-4ea0-851f-cb1f66ea87a3', '72720bb6-4df1-489b-8836-6ae63efe9907', '7cef493a-1070-4de7-a8e0-7637d3ed4cce', '2022-06-28 19:20:09', '2022-06-28 19:20:09');

-- ----------------------------
-- Table structure for mg_articles
-- ----------------------------
DROP TABLE IF EXISTS `mg_articles`;
CREATE TABLE `mg_articles`  (
  `id` char(36) CHARACTER SET utf8 COLLATE utf8_bin NOT NULL,
  `sort_id` varchar(255) CHARACTER SET utf8 COLLATE utf8_general_ci NULL DEFAULT NULL COMMENT '分类ID',
  `article_title` varchar(255) CHARACTER SET utf8 COLLATE utf8_general_ci NULL DEFAULT NULL COMMENT '文章标题',
  `article_content` longtext CHARACTER SET utf8 COLLATE utf8_general_ci NULL COMMENT '文章内容',
  `article_cover` longtext CHARACTER SET utf8 COLLATE utf8_general_ci NULL COMMENT '文章封面',
  `isPublish` tinyint(1) NULL DEFAULT 1 COMMENT '是否发布',
  `viewsCount` int(11) NULL DEFAULT 0 COMMENT '文章浏览量',
  `commentsCount` int(11) NULL DEFAULT 0 COMMENT '文章评论数',
  `createdAt` datetime NOT NULL,
  `updatedAt` datetime NOT NULL,
  `article_summary` varchar(255) CHARACTER SET utf8 COLLATE utf8_general_ci NULL DEFAULT NULL COMMENT '文章摘要',
  `isTop` tinyint(1) NULL DEFAULT 0 COMMENT '是否顶置',
  `isHot` tinyint(1) NULL DEFAULT 0 COMMENT '是否火热',
  `isRecommend` tinyint(1) NULL DEFAULT 0 COMMENT '是否推荐',
  `reprint` varchar(255) CHARACTER SET utf8 COLLATE utf8_general_ci NULL DEFAULT NULL COMMENT '转载地址',
  `editType` varchar(255) CHARACTER SET utf8 COLLATE utf8_general_ci NULL DEFAULT NULL COMMENT '编辑器类型',
  PRIMARY KEY (`id`) USING BTREE
) ENGINE = InnoDB CHARACTER SET = utf8 COLLATE = utf8_general_ci ROW_FORMAT = COMPACT;

-- ----------------------------
-- Records of mg_articles
-- ----------------------------
INSERT INTO `mg_articles` VALUES ('02ace927-8356-4297-8fcd-9db2841309fc', '9a58d27b-ed33-4cfa-a1a7-af4e8d46e9c6', 'Sass 在vue中使用', '<h3>安装</h3>\n<pre class=\"language-javascript\"><code>cnpm i sass-loader node-sass --save</code></pre>\n<h3 id=\"设置全局变量\">设置全局变量</h3>\n<h6>vue.config.js 文件内输入</h6>\n<pre class=\"language-javascript\"><code>{\n    css:{ \n        loaderOptions: {\n            // 给 sass-loader 传递选项\n            sass: {\n                prependData:`@import \"public/static/css/varuables\";` //新版 sass-loader\n                data: `@import \"public/static/css/varuables\";` //旧版\n            }\n        }\n    }\n}</code></pre>', 'http://zhouyi.run:5222/api/public/admin/getFiles?id=e52cfbc48528687fd6100e33e40f49ae.jpg&&mimetype=image/jpeg', 1, 92, 4, '2022-05-27 11:39:46', '2022-11-10 08:39:51', 'Sass 在vue中使用', 0, 0, 1, NULL, 'mce');
INSERT INTO `mg_articles` VALUES ('0694183b-538c-4680-9822-399b07fd143f', '9a58d27b-ed33-4cfa-a1a7-af4e8d46e9c6', '关于本项目Tinymce报错', '<blockquote>\n<p>关于本项目Tinymce报错：Failed to load <a href=\"https://cdnjs.cloudflare.com/ajax/libs/tinymce/4.9.0/tinymce.min.js\" target=\"_blank\" rel=\"noopener\">https://cdnjs.cloudflare.com/ajax/libs/tinymce/4.9.0/tinymce.min.js</a></p>\n<p>原因：tinymce的镜像在你电脑上运行被和谐了</p>\n</blockquote>\n<h4>解决办法：</h4>\n<blockquote>\n<p><span style=\"font-size: 10pt;\"><strong>本项目v1.0.1版解决方案：</strong></span><span style=\"font-size: 10pt;\"><strong>找到 zy-blog-admin/src/components/Tinymce/index.vue 文件内 ：const tinymceCDN = \'链接\'，替换底部的两个任意链接之一</strong></span></p>\n</blockquote>\n<blockquote>\n<p><span style=\"font-size: 10pt;\"><strong>本项目v1.0.2版解决方案：找到 mg-admin/src/components/Tinymce/index.vue 文件内 ：const tinymceCDN = \'链接\'，替换底部的两个任意链接之一</strong></span></p>\n</blockquote>\n<pre class=\"language-javascript\"><code>镜像1：https://cdnjs.cloudflare.com/ajax/libs/tinymce/6.0.3/tinymce.min.js \n       会部分菜单栏没有需要手动添加，但是ui会发生变化\n\n镜像2：https://cdnjs.cloudflare.com/ajax/libs/tinymce/4.9.0/tinymce.min.js \n       ui界面不会发生变化，不支持中文，原有功能正常使用，\n       界面会弹出报错不支持中文，点击关闭即可</code></pre>\n<ul>\n<li>镜像换上后，重启项目或者刷新页面即可</li>\n</ul>', 'http://zhouyi.run:5222/api/public/admin/getFiles?id=e52cfbc48528687fd6100e33e40f49ae.jpg&&mimetype=image/jpeg', 1, 84, 5, '2022-06-01 17:33:58', '2022-11-10 19:17:58', '关于本项目Tinymce报错', 0, 0, 1, NULL, 'mce');
INSERT INTO `mg_articles` VALUES ('10486e3a-1579-47f6-a549-671529776450', '9a58d27b-ed33-4cfa-a1a7-af4e8d46e9c6', '解决 npm install 卡死不动？', '<p><code>npm config set registry https://registry.npm.taobao.org</code></p>', 'http://zhouyi.run:5222/api/public/admin/getFiles?id=5c2fced7c8635dcfc7719a5fd107dfb1.png&&mimetype=image/png', 1, 66, 5, '2022-05-26 20:34:12', '2022-11-01 08:07:40', '解决 npm install 卡死不动？', 0, 0, 1, NULL, 'mce');
INSERT INTO `mg_articles` VALUES ('14b7e534-ef61-4907-a7dc-9349bb1a3481', '9a58d27b-ed33-4cfa-a1a7-af4e8d46e9c6', 'vue自定义指令loading', '<h3>效果图预览：</h3>\n<p><img class=\"wscnph\" src=\"http://zhouyi.run:5222/api/public/admin/getFiles?id=f73d4c866347befd90fdf671d9598d88.gif&amp;&amp;mimetype=image/gif\" width=\"869\" height=\"432\" /></p>\n<h3>1.先创建v-loading 组件</h3>\n<pre class=\"language-javascript\"><code>&lt;template&gt;\n    &lt;section id=\"loading\"&gt;\n        &lt;section class=\"loader-container\" :style=\"{width,height}\"&gt;\n            &lt;div class=\"loader-child\"&gt;&lt;/div&gt;\n            &lt;div class=\"loader-child\"&gt;&lt;/div&gt;\n            &lt;div class=\"loader-child\"&gt;&lt;/div&gt;\n            &lt;p class=\"load-text\"&gt;loading...&lt;/p&gt;\n        &lt;/section&gt;\n    &lt;/section&gt;\n&lt;/template&gt;\n\n&lt;script&gt;\n    //加载动画✌\n    export default {\n        name: \"m-loading\",\n        props: {\n            width: {\n                type: String,\n                default() {\n                    return \'60px\'\n                }\n            },\n            height: {\n                type: String,\n                default() {\n                    return \'60px\'\n                }\n            }\n        },\n        computed: {},\n        watch: {}\n    }\n&lt;/script&gt;\n\n&lt;style lang=\"scss\" scoped&gt;\n    #loading {\n        user-select: none;\n        position: absolute;\n        z-index: 999;\n        top: 0;\n        left: 0;\n        right: 0;\n        bottom: 0;\n        background-color: hsla(0,0%,100%,.9);\n        display: flex;\n        align-items: center;\n        justify-content: center;\n        width: 100%;\n        height: 100%;\n        .load-text {\n            font-size: 13px;\n            position: absolute;\n            top: 100%;\n            text-align: center;\n            width: 100%;\n        }\n    }\n\n    .loader-container {\n        perspective: 780px;\n        border-radius: 5px;\n        position: absolute;\n        top: 50%;\n        transform: translateY(-50%);\n\n        .loader-child {\n            position: absolute;\n            width: 100%;\n            height: 100%;\n            box-sizing: border-box;\n            border-radius: 50%;\n            animation: all 1s linear;\n\n            &amp;:nth-of-type(1) {\n                left: 0;\n                top: 0;\n                border-right: 3px solid #f80f00;\n                animation: rotate-one 1.25s linear infinite;\n            }\n\n            &amp;:nth-of-type(2) {\n                left: 0;\n                top: 0;\n                border-right: 3px solid #f80f00;\n                animation: rotate-two 1.05s linear infinite;\n\n            }\n\n            &amp;:nth-of-type(3) {\n                left: 0;\n                top: 0;\n                border-right: 3px solid #f80f00;\n                animation: rotate-three 1.15s linear infinite;\n\n            }\n        }\n\n        /*  开始动画实现 */\n        @keyframes rotate-one {\n            0% {\n                transform: rotateX(35deg) rotateY(-45deg) rotateZ(0deg);\n            }\n            100% {\n                transform: rotateX(35deg) rotateY(-45deg) rotateZ(360deg);\n            }\n        }\n        @keyframes rotate-two {\n            0% {\n                transform: rotateX(50deg) rotateY(10deg) rotateZ(0deg);\n            }\n            100% {\n                transform: rotateX(50deg) rotateY(10deg) rotateZ(360deg);\n            }\n        }\n        @keyframes rotate-three {\n            0% {\n                transform: rotateX(35deg) rotateY(55deg) rotateZ(0deg);\n            }\n            100% {\n                transform: rotateX(35deg) rotateY(55deg) rotateZ(360deg);\n            }\n        }\n\n    }\n&lt;/style&gt;\n</code></pre>\n<p>&nbsp;</p>\n<h3>2.定义全局自定义指令文件</h3>\n<p><img class=\"wscnph\" src=\"http://zhouyi.run:5222/api/public/admin/getFiles?id=7931c0889e1622b5888f04f2ed6fe338.png&amp;&amp;mimetype=image/png\" width=\"344\" height=\"333\" /></p>\n<p><strong>v-loading.js:</strong></p>\n<pre class=\"language-javascript\"><code>import Vue from \'vue\'\n// 引入 loading 组件\nimport Loading from \'../../components/common/m-loading\'\n\nfunction append(el) {\n    el.appendChild(el.instance.$el)\n}\n\nfunction remove(el) {\n    el.removeChild(el.instance.$el)\n}\n\nconst vLoading = {\n    inserted: function (el, binding) {\n        // 创建 loading 组件构造函数\n        const LoadingCtor = Vue.extend(Loading)\n        // new 一个 loading组件实例\n        const loadingInstance = new LoadingCtor()\n        console.log(el)\n        // 组件挂载\n        el.instance = loadingInstance.$mount()\n        console.log(binding.value)\n        // 传入值为 true 时才展示\n        if (binding.value) {\n            // 将组件挂载到绑定指令的元素上\n            append(el)\n        }\n    },\n    update(el, binding) {\n        // 值更新时进行操作\n        if (binding.value !== binding.oldValue) {\n            binding.value ? append(el) : remove(el)\n        }\n    }\n}\n\n\nexport default vLoading;\n</code></pre>\n<p>&nbsp;</p>\n<p><strong>统一导出自定义指令文件 index.js</strong></p>\n<p><strong><img class=\"wscnph\" src=\"http://zhouyi.run:5222/api/public/admin/getFiles?id=0decca32c49171a8110643a8071f6cd6.png&amp;&amp;mimetype=image/png\" width=\"337\" height=\"422\" /></strong></p>\n<p><strong>index.js:</strong></p>\n<pre class=\"language-javascript\"><code>import copy from \'./v-copy\';\nimport vHighlight from \'./v-heightlight\';\nimport loading from \'./v-loading\';\n// 自定义指令\nconst directives = {\n  copy,\n  vHighlight,\n  loading\n};\n// 这种写法可以批量注册指令\nexport default {\n  install(Vue) {\n    Object.keys(directives).forEach((key) =&gt; {\n      Vue.directive(key, directives[key]);\n    });\n  },\n};\n</code></pre>\n<h3>3.在main.js文件注册自定义函数</h3>\n<pre><code>import directives from \'./utils/directives/index\';</code><br /><code>Vue.use(directives);</code></pre>\n<p>&nbsp;</p>\n<h3>4.使用：</h3>\n<pre><code>&lt;div class=\"test\" v-loading=\"true\"&gt;&lt;/div&gt;</code></pre>', 'http://zhouyi.run:5222/api/public/admin/getFiles?id=8c82cc895bcef92cefc3f2c2d3c83642.png&&mimetype=image/png', 1, 204, 16, '2022-05-27 10:43:25', '2022-11-11 08:34:07', 'vue自定义指令loading,并且挂载到自定义元素上', 0, 0, 1, NULL, 'mce');
INSERT INTO `mg_articles` VALUES ('1c42d541-ed6f-447b-998e-ade64ba10eeb', '9a58d27b-ed33-4cfa-a1a7-af4e8d46e9c6', 'navicat建立数据库 运行sql文件 加载数据表', '<h3 style=\"text-align: center;\">&nbsp;</h3>\n<h3 style=\"text-align: center;\">1.打开navicat-新建连接-输入主机、用户名和密码</h3>\n<p style=\"text-align: center;\">&nbsp;</p>\n<p style=\"text-align: center;\"><img class=\"wscnph\" src=\"http://zhouyi.run:5220/zy-server/public/images?id=1648173008124579f0cf5fc692.png\" width=\"780\" height=\"440\" /></p>\n<p style=\"text-align: center;\">&nbsp;</p>\n<h3 style=\"text-align: center;\">2.点击测试连接-（连接成功）-点击确认-点击确认</h3>\n<p style=\"text-align: center;\">&nbsp;</p>\n<p style=\"text-align: center;\"><img class=\"wscnph\" src=\"http://zhouyi.run:5220/zy-server/public/images?id=164817319119320d02606d88f6.png\" width=\"780\" height=\"429\" /></p>\n<h3 style=\"text-align: center;\">3.找到左侧边栏-本地连接-双击变成绿色-右键-新建数据库-点击确认</h3>\n<p style=\"text-align: center;\"><img class=\"wscnph\" src=\"http://zhouyi.run:5220/zy-server/public/images?id=1648173454209312d3cccfa3c7.png\" width=\"780\" height=\"439\" /></p>\n<h3 style=\"text-align: center;\">4.找到左边栏-本地连接-zy_blog数据库并且双击变绿色-右键-运行sql文件-选择文件-开始-&lsquo;Finished successfully&rsquo;</h3>\n<h3 style=\"text-align: center;\">&nbsp; &nbsp;表示已经导入成功-点击表右键-刷新</h3>\n<p style=\"text-align: center;\">注：sql文件 就是 <a href=\"https://gitee.com/Z568_568/all-blog-sys/blob/master/zy-blog-server/sql/zy-blog.sql\">all-blog-sys/zy-blog-server/sql/zy-blog.sql</a></p>\n<p style=\"text-align: center;\"><img class=\"wscnph\" src=\"http://zhouyi.run:5220/zy-server/public/images?id=1648173620515f9af0294c537.png\" width=\"780\" height=\"417\" /></p>\n<p style=\"text-align: center;\"><img class=\"wscnph\" src=\"http://zhouyi.run:5220/zy-server/public/images?id=1648173992249c352d692c1bb9.png\" width=\"780\" height=\"427\" /></p>\n<p style=\"text-align: center;\"><img class=\"wscnph\" src=\"http://zhouyi.run:5220/zy-server/public/images?id=1648173992254e0b275673f46b.png\" width=\"780\" height=\"381\" /></p>\n<p style=\"text-align: center;\"><img class=\"wscnph\" src=\"http://zhouyi.run:5220/zy-server/public/images?id=1648173992274103537037c3d7.png\" width=\"780\" height=\"342\" /></p>\n<p style=\"text-align: center;\"><img class=\"wscnph\" src=\"http://zhouyi.run:5220/zy-server/public/images?id=164817399227760f94f7c19d8d.png\" width=\"780\" height=\"456\" /></p>\n<p><img class=\"wscnph\" style=\"display: block; margin-left: auto; margin-right: auto;\" src=\"http://zhouyi.run:5220/zy-server/public/images?id=1648173992313d5844d992313b.png\" width=\"780\" height=\"375\" /></p>', 'http://zhouyi.run:5222/api/public/admin/getFiles?id=91f474709357de6045d2ab4d2043e107.png&&mimetype=image/png', 1, 165, 5, '2022-05-07 15:49:12', '2022-11-11 08:33:18', '\"navicat建立数据库 运行sql文件 加载数据表\"', 0, 0, 1, NULL, 'mce');
INSERT INTO `mg_articles` VALUES ('21b9f626-b6e3-4dab-9e04-f088e8d6df03', '9a58d27b-ed33-4cfa-a1a7-af4e8d46e9c6', '测试的啊', '<pre class=\"language-javascript\"><code> changeType(val){\n      if (val.index===\'1\'){\n        this.form.editType = \'mce\'\n      }else {\n        this.form.editType = \'md\'\n      }\n    },\n    headerUpdate() {\n      if (this.updateData &amp;&amp; this.updateData.id) {\n        this.form = this.updateData\n        this.activeName = this.form.editType || \'md\'\n        let arr = []\n        //转换一下回填v-selectpage\n        for (const argument of this.updateData.tags) {\n          arr.push(argument.tagId)\n        }\n        this.form.tag_ids = arr.join(\",\")\n\n        this.isAdd = false\n      }\n    },\n    save() {\n      let that = this\n      this.$refs[\'formAdd\'].validate((valid) =&gt; {\n        if (valid) {\n          let _FUC = \'\'\n          _FUC = this.isAdd ? dirArticleCreate : dirArticleUpdate\n          if (this.isAdd&amp;&amp;!this.form.article_summary){\n            this.form.article_summary = this.form.article_title\n          }\n          this.form.editType = this.activeName\n          _FUC(this.form).then(res =&gt; {\n            that.$message.success(\'修改成功\')\n            that.$emit(\'close\');\n          }).catch(err =&gt; {\n            console.log(err)\n            return that.$message.error(err.msg)\n          })\n\n        } else {\n          console.log(\'error submit!!\');\n          return false;\n        }\n      });\n    },\n    close(show) {\n      if (show) {\n        this.$toast.confirmSave().then(() =&gt; {\n          this.$emit(\'close\');\n        });\n      } else {\n        this.$emit(\'close\');\n      }\n    }\n  }</code></pre>', 'http://zhouyi.run:5222/api/public/admin/getFiles?id=e52cfbc48528687fd6100e33e40f49ae.jpg&&mimetype=image/jpeg', 1, 252, 12, '2022-05-09 13:19:58', '2022-10-19 10:44:09', '测试的啊', 0, 0, 1, 'http://www.zhouyi.run/#/', 'mce');
INSERT INTO `mg_articles` VALUES ('2a714d62-8019-431e-bc49-7914092f34be', 'd8fe526f-b9a3-44c2-9cee-625b84f2156c', 'VUE：自定义组件的 v-model', '新建一个组件：BaseCheckbox\n``` html\n<template>\n  <div>\n    <label>\n      <input\n          type=\"checkbox\"\n          v-bind:checked=\"checked\"\n          v-on:change=\"$emit(\'change\', $event.target.checked)\"\n      >\n      黄瓜\n    </label>\n  </div>\n</template>\n\n<script>\nexport default {\n  name: \"BaseCheckbox\",\n  //主要代码\n  model: {\n    prop: \'checked\',\n    event: \'change\'\n  },\n  props: {\n    checked: Boolean\n  },\n}\n</script>\n\n<style scoped>\n\n</style>\n\n```\n在父组件应用组件 BaseCheckbox\n``` js\n<BaseCheckbox v-model=\"tempCheck\"/>\n\n// tempCheck 就和 BaseCheckbox 组件内的 checked 互为响应式字段了\n```', 'http://zhouyi.run:5222/api/public/admin/getFiles?id=e52cfbc48528687fd6100e33e40f49ae.jpg&&mimetype=image/jpeg', 1, 165, 13, '2022-08-18 14:52:49', '2022-11-11 16:49:19', 'VUE：自定义组件的 v-model', 1, 0, 1, NULL, 'md');
INSERT INTO `mg_articles` VALUES ('32737ff6-ca18-49f4-b8f9-1c942e7b9617', '9a58d27b-ed33-4cfa-a1a7-af4e8d46e9c6', '新的 CSS 伪类函数 :is() 和 :where()', '### :is() 和 :where()\n\n<b>标题中的 `<b> ` 标签进行颜色调整：\n``` css\nh1 > b, h2 > b, h3 > b, h4 > b, h5 > b, h6 > b {\n  color: hotpink;\n}\n```\n现在，我们可以使用 :is() 缩减代码并提高其可读性：\n``` css\n:is(h1,h2,h3,h4,h5,h6) > b {\n  color: hotpink;\n}\n```\n<br> 使用  :where()\n``` css\n:where(h1,h2,h3,h4,h5,h6) > b {\n  color: hotpink;\n}\n\n```\n*** \n\n:is() 和 :where() 组合使用\n``` css\n:is(.dark-theme, .dim-theme) :where(button,a) {\n  color: rebeccapurple;\n}\n:is(h1,h2):where(.hero,.subtitle) {\n  text-transform: uppercase;\n}\n.hero:is(h1,h2,:is(.header,.boldest)) {\n  font-weight: 900;\n}\n```\n\n', 'http://zhouyi.run:5222/api/public/admin/getFiles?id=e52cfbc48528687fd6100e33e40f49ae.jpg&&mimetype=image/jpeg', 1, 31, 3, '2022-08-15 11:26:18', '2022-10-29 10:28:14', '新的 CSS 伪类函数 :is() 和 :where()', 0, 1, 1, NULL, 'md');
INSERT INTO `mg_articles` VALUES ('49bd5f91-a08a-4548-ae83-f5a66fadcab5', '9a58d27b-ed33-4cfa-a1a7-af4e8d46e9c6', 'yarn超时', '> yarn 错误: There appears to be trouble with your network connection. Retrying\n  原因：yarn超时\n\n:point_up: **解决途径：**\n\n#### 1.查看代理\n\n``` js\n  yarn config list\n```\n\n#### 2.删除代理\n\n``` js\n  yarn config delete proxy\n```\n\n#### 3.更换淘宝镜像\n\n``` js\n  yarn config set registry https://registry.npm.taobao.org\n```', 'http://zhouyi.run:5222/api/public/admin/getFiles?id=02da12ad3c71e58a8aee53a6ac5a1cb9.jpg&&mimetype=image/jpeg', 1, 115, 6, '2022-05-07 15:45:07', '2022-10-19 10:36:01', '\"yarn超时\"', 0, 0, 1, NULL, 'md');
INSERT INTO `mg_articles` VALUES ('546ee5a8-ea0f-43bd-92b4-f4d41c545b97', '9a58d27b-ed33-4cfa-a1a7-af4e8d46e9c6', '学习笔记：React父子组件通信', '## 学习笔记：React父子组件通信\n\n**1.父传子**\n<br/>\n\n- 方法：**props** 函数  单向数据流，只能渲染，不能修改\n\n ```javascript\n\n# Father组件a\n\nimport React, {Component} from \'react\';\n\nclass Father extends Component {\n    state={\n        arr:[1,2,3],\n        obj:{name:\'son\',age:12},\n        num:98,\n        str:\'Son组件\'\n    }\n    render() {\n        return (\n            <div>\n                //eg:整个state传给子组件 SonB\n                <SonB state={this.state}/>\n            </div>\n        );\n    }\n}\n\nexport default Father;\n\n# Son组件\n\nimport React, {Component} from \'react\';\n\nclass SonB extends Component {\n    const { state:{ arr,obj,num,str } } = this.props //解构 props\n\n    render() {\n        return (\n            <div>\n                <p>{str}</p>\n             // do something...\n            </div>\n        );\n    }\n}\n\nexport default SonB;\n\n```\n\n---\n\n**2.子传父**\n<br/>\n\n- 方法：子组件调用父组件传递过来的函数，并且把想要传递的数据当成函数的实参传入即可\n\n ```javascript\n\n# Son组件\n\nimport React, {Component} from \'react\';\n\nclass SonB extends Component {\n    const { getSonMsg } = this.props //解构 props\n    render() {\n        return (\n            <div>\n                <button onClick={()=>getSonMsg(\'Son组件的消息\')}></button>\n            </div>\n        );\n    }\n}\n\nexport default SonB;\n    \n# Father组件\n\nimport React, {Component} from \'react\';\n\nclass Father extends Component {\n    //定义一个传递给子组件的函数\n    getSonMsg=(val)=>{\n        console.log(\'我是子组件传来的：\', val) //我是子组件传来的：Son组件的消息\n    }\n    \n    render() {\n        return (\n            <div>\n                <SonB getSonMsg={getSonMsg}/>\n            </div>\n        );\n    }\n}\n\nexport default Father;\n\n```\n', 'http://zhouyi.run:5222/api/public/admin/getFiles?id=e52cfbc48528687fd6100e33e40f49ae.jpg&&mimetype=image/jpeg', 1, 17, 0, '2022-06-01 17:51:43', '2022-06-23 10:31:42', '学习笔记：React父子组件通信', 0, 0, 0, NULL, 'md');
INSERT INTO `mg_articles` VALUES ('5e1ef819-0003-4621-a0e2-be1da6ae3695', '4ecc1acc-e2fa-489c-a288-ce8fd8bfa132', 'uniapp微信小程序弹窗强制更新版本', '### uniapp微信小程序弹窗强制更新版本\n``` js\nconst updateManager = uni.getUpdateManager();\n\nupdateManager.onCheckForUpdate(function (res) {\n  // 请求完新版本信息的回调\n  console.log(res.hasUpdate);\n});\n\nupdateManager.onUpdateReady(function (res) {\n  uni.showModal({\n    title: \'更新提示\',\n    content: \'新版本已经准备好，是否重启应用？\',\n    success(res) {\n      if (res.confirm) {\n        // 新的版本已经下载好，调用 applyUpdate 应用新版本并重启\n        updateManager.applyUpdate();\n      }\n    }\n  });\n\n});\n\nupdateManager.onUpdateFailed(function (res) {\n  // 新的版本下载失败\n});\n\n```', 'http://zhouyi.run:5222/api/public/admin/getFiles?id=e52cfbc48528687fd6100e33e40f49ae.jpg&&mimetype=image/jpeg', 1, 46, 7, '2022-10-06 14:13:52', '2022-11-10 17:15:33', 'uniapp微信小程序弹窗强制更新版本', 1, 0, 1, NULL, 'md');
INSERT INTO `mg_articles` VALUES ('6b57b52a-2f63-49ca-aa13-c2edc7aae8ba', '9a58d27b-ed33-4cfa-a1a7-af4e8d46e9c6', '防抖和节流', '> 防抖操作使用\n\n``` js\n   function debounce(fn, wait) {\n        var timeout = null;\n        return function() {\n                 if(timeout !== null) \n                     clearTimeout(timeout);\n                     timeout = setTimeout(fn, wait);\n                 }\n         }\n\n    function handle(e) {\n          console.log(\'防抖：\'+Math.ceil(Math.random()*100) );\n    }\n    // 窗口大小变化 1s 内只执行一次 handle 方法\n    window.addEventListener(\'resize\', debounce(handle,1000));\n\n```\n\n> 节流操作使用 \n\n``` js\nfunction throttle (func, delay) {\n            var prev = Date.now();\n            return function() {\n                var context = this;\n                var args = arguments;\n                var now = Date.now();\n                if (now - prev >= delay) {\n                    func.apply(context, args);\n                    prev = Date.now();\n                }\n            }\n        }\n\n  function handleT(e) {\n          console.log(\'节流：\'+Math.ceil(Math.random()*100) );\n    }\n // 窗口大小变化 再怎么频繁地触发事件，也都是每 1s 时间才执行一次 handle 方法。\n // 而当最后一次事件触发完毕后，事件也不会再被执行了\n  window.addEventListener(\'resize\', throttle(handleT, 1000))\n\n```', 'http://zhouyi.run:5222/api/public/admin/getFiles?id=e52cfbc48528687fd6100e33e40f49ae.jpg&&mimetype=image/jpeg', 1, 112, 12, '2022-07-06 09:42:02', '2022-10-19 10:44:19', '防抖和节流', 0, 0, 1, NULL, 'md');
INSERT INTO `mg_articles` VALUES ('6c0d32eb-9995-4194-9f99-a718d3ee0ae8', '9a58d27b-ed33-4cfa-a1a7-af4e8d46e9c6', '管理端权限配置引导', '<h3>#v1.0.2 管理端权限配置引导</h3>\n<p>&nbsp; &nbsp;1.前往 <code>mg-admin/src/router/routes.js</code> 路由表内找到需要配置的菜单权限；在 perms 内配置 操作接口 （增删改查...） 分类管理 为例：</p>\n<pre class=\"language-markup\"><code>   {\n        path: \'/dir-sort-info\',\n        name: \'dir-sort-info\',\n        meta: {\n          title: \'分类管理\',\n          auth: true,\n          perms: [\n            \'POST /api/private/sort/create\',\n            \'POST /api/private/sort/list\',\n            \'POST /api/private/sort/delete\',\n            \'POST /api/private/sort/update\',\n         ],\n      },\n      component: _import(\'client/dir-sort-info\')\n   }</code></pre>\n<p>&nbsp;&nbsp;&nbsp;2. 前往 <code>mg-admin/src/views/client/dir-sort-info.vue</code> 分类管理列表页面 进行配置 控制按钮&nbsp;&nbsp;</p>\n<pre class=\"language-markup\"><code> //data内定义控制按钮权限 \n permBtn:{\n        createButton:false,\n        queryButton:false,\n        deleteButton:false,\n        updateButton:false,\n      },</code></pre>\n<pre class=\"language-javascript\"><code>//权限筛选方法    \ngetPerms() {\n      let perms =JSON.parse(util.cookies.get(\'permMenus\'))\n      if (perms.includes(\'*\')) {\n        this.permBtn.createButton = true;\n        this.permBtn.queryButton = true;\n        this.permBtn.deleteButton = true;\n        this.permBtn.updateButton = true;\n      } else {\n        if (perms.includes(\'POST /api/private/sort/create\')) {\n          this.permBtn.createButton = true;\n        }\n        if (perms.includes(\'POST /api/private/sort/list\')) {\n          this.permBtn.queryButton = true;\n        }\n        if (perms.includes(\'POST /api/private/sort/update\')) {\n          this.permBtn.updateButton = true;\n        }\n        if (perms.includes(\'POST /api/private/sort/delete\')) {\n          this.permBtn.deleteButton = true;\n        }\n      }\n    },</code></pre>\n<pre class=\"language-markup\"><code>  //例如操作组件的修改、删除、查看等进行控制即可 \n  &lt;mk-tool-button \n             @view=\"goView(scope.row)\"\n             :dis-delete=\"!permBtn.deleteButton\"\n             :dis-edit=\"!permBtn.updateButton\"\n             @edit=\"goEdit(scope.row)\"\n             @delete=\"goDelete(scope.row)\"&gt;\n   &lt;/mk-tool-button&gt;</code></pre>\n<p>&nbsp;</p>\n<p>&nbsp; &nbsp;3.上面两步代码配置成功后，进入项目页面 菜单管理-分类管理 增加三级菜单</p>\n<p><img class=\"wscnph\" src=\"http://zhouyi.run:5222/api/public/admin/getFiles?id=3aa283772251e6df10a5181f5b43622e.png&amp;&amp;mimetype=image/png\" width=\"750\" height=\"250\" /></p>\n<p>&nbsp; &nbsp;4.前往角色信息-分配权限 - 完成</p>\n<p><img class=\"wscnph\" src=\"http://zhouyi.run:5222/api/public/admin/getFiles?id=43dbb127cf41514310cd4daa3e018c04.png&amp;&amp;mimetype=image/png\" width=\"748\" height=\"350\" /></p>', 'http://zhouyi.run:5222/api/public/admin/getFiles?id=b8db82d85496c9856e4d70be50230745.webp&&mimetype=image/webp', 1, 165, 0, '2022-05-07 15:30:51', '2022-10-18 18:05:30', '\"管理端权限配置引导\"', 0, 0, 1, NULL, 'mce');
INSERT INTO `mg_articles` VALUES ('6d84423d-a721-4b20-bfc7-7eb48ec430c9', '1ba60c63-9cf9-4e98-9858-c934f44aa511', '在使用IDEA创建springboot项目，有时会出现cannot download ‘https://start.spring.io’:connect timed out问题', '>在使用IDEA创建springboot项目，有时会出现cannot download ‘https://start.spring.io’:connect timed out问题\n\n在网上查阅多种文献博客，也有许多的解决方法，比如\n\n- 进入到IDEA的Settings，依次点击Appearance & Behavior –> System Settings –> HTTP Proxy ,选择Auto-detect proxy settings–> 点击最下面的Check connection,弹出如下输入框，输入地址[https://start.spring.io](http://)点击ok ，再重新创建SpringBoot项目\n\n**但以上方法并不适用于本人**\n\n### 下面介绍另一种方法:\n\n不选择默认的Default，而是适用Custom，输入aliyun的镜像节点：[http://start.aliyun.com](http://)\n\n解决问题！！！\n***\n![Description](https://img-blog.csdnimg.cn/20200703095007153.png?x-oss-process=image/watermark,type_ZmFuZ3poZW5naGVpdGk,shadow_10,text_aHR0cHM6Ly9ibG9nLmNzZG4ubmV0L3dlaXhpbl80NDIxNzQwMQ==,size_16,color_FFFFFF,t_70)', 'http://zhouyi.run:5222/api/public/admin/getFiles?id=e52cfbc48528687fd6100e33e40f49ae.jpg&&mimetype=image/jpeg', 1, 47, 1, '2022-07-17 12:06:51', '2022-11-09 15:40:18', '在使用IDEA创建springboot项目，有时会出现cannot download ‘https://start.spring.io’:connect timed out问题', 0, 0, 1, NULL, 'md');
INSERT INTO `mg_articles` VALUES ('6fd2da33-f4a6-49e7-9fd0-5bc70259575d', '9a58d27b-ed33-4cfa-a1a7-af4e8d46e9c6', 'VUEX：mapState 辅助函数使用', '定义state:\n``` js\nimport Vue from \'vue\'\nimport Vuex from \'vuex\'\n\nVue.use(Vuex)\n\nexport default new Vuex.Store({\n  state: {\n    name:\'张三\',\n    person:{\n      name:\'李四\',\n      age:18,\n      sex:\'男\'\n    }\n  },\n  mutations: {\n  },\n  actions: {\n  },\n  modules: {\n  }\n})\n\n```\nmapState 使用：\n``` js\n<script>\nimport {mapState} from \'vuex\'\n\nexport default {\n  name: \'Home\',\n  computed:{\n    ...mapState({\n      name: (state) => state.name,\n      person: (state) => state.person,\n    })\n  },\n  created(){\n    console.log(this.name) // 张三\n  }\n\n}\n</script>\n```\n------------------------------------\n> mapGetters 也相似使用', 'http://zhouyi.run:5222/api/public/admin/getFiles?id=e52cfbc48528687fd6100e33e40f49ae.jpg&&mimetype=image/jpeg', 1, 6, 0, '2022-08-18 14:14:38', '2022-09-28 19:23:20', 'VUEX：mapState 辅助函数使用', 0, 0, 0, NULL, 'md');
INSERT INTO `mg_articles` VALUES ('72720bb6-4df1-489b-8836-6ae63efe9907', '4ecc1acc-e2fa-489c-a288-ce8fd8bfa132', 'uni-app 监听页面或组件的 下拉刷新 或 触底事件', '> uni-app 监听页面或组件的 下拉刷新 或 触底事件\n\n父组件：\n\n``` js\n\nonPullDownRefresh() {	 \n     uni.$emit(\'onPullDownRefresh\', res.scrollTop);\n		 setTimeout(function () {\n			uni.stopPullDownRefresh();\n		}, 1000);\n	}\n  \n```\n子组件：\n``` js\nmounted() {\n			var that = this;\n			uni.$on(\'onPullDownRefresh\', function(data) {\n				console.log(\"页面下拉了\")\n				console.log(data);\n			});\n		},\n\n```\n', 'http://zhouyi.run:5222/api/public/admin/getFiles?id=e52cfbc48528687fd6100e33e40f49ae.jpg&&mimetype=image/jpeg', 1, 41, 2, '2022-06-28 19:20:09', '2022-10-10 09:18:03', 'uni-app 监听页面或组件的 下拉刷新 或 触底事件', 0, 0, 1, NULL, 'md');
INSERT INTO `mg_articles` VALUES ('7ce524b4-f5a1-47c2-a2b7-0ec09f2d5705', '9a58d27b-ed33-4cfa-a1a7-af4e8d46e9c6', 'React父子组件通信', '<h3>1.父传子</h3>\n<ul>\n<li>方法：<strong>props</strong> 函数 单向数据流，只能渲染，不能修改</li>\n</ul>\n<pre class=\"language-javascript\"><code># Father组件a\n\nimport React, {Component} from \'react\';\n\nclass Father extends Component {\n    state={\n        arr:[1,2,3],\n        obj:{name:\'son\',age:12},\n        num:98,\n        str:\'Son组件\'\n    }\n    render() {\n        return (\n            &lt;div&gt;\n                //eg:整个state传给子组件 SonB\n                &lt;SonB state={this.state}/&gt;\n            &lt;/div&gt;\n        );\n    }\n}\n\nexport default Father;\n\n# Son组件\n\nimport React, {Component} from \'react\';\n\nclass SonB extends Component {\n    const { state:{ arr,obj,num,str } } = this.props //解构 props\n\n    render() {\n        return (\n            &lt;div&gt;\n                &lt;p&gt;{str}&lt;/p&gt;\n             // do something...\n            &lt;/div&gt;\n        );\n    }\n}\n\nexport default SonB;</code></pre>\n<h3>1.子传父</h3>\n<ul>\n<li>方法：子组件调用父组件传递过来的函数，并且把想要传递的数据当成函数的实参传入即可</li>\n</ul>\n<pre class=\"language-javascript\"><code># Son组件\n\nimport React, {Component} from \'react\';\n\nclass SonB extends Component {\n    const { getSonMsg } = this.props //解构 props\n    render() {\n        return (\n            &lt;div&gt;\n                &lt;button onClick={()=&gt;getSonMsg(\'Son组件的消息\')}&gt;&lt;/button&gt;\n            &lt;/div&gt;\n        );\n    }\n}\n\nexport default SonB;\n    \n# Father组件\n\nimport React, {Component} from \'react\';\n\nclass Father extends Component {\n    //定义一个传递给子组件的函数\n    getSonMsg=(val)=&gt;{\n        console.log(\'我是子组件传来的：\', val) //我是子组件传来的：Son组件的消息\n    }\n    \n    render() {\n        return (\n            &lt;div&gt;\n                &lt;SonB getSonMsg={getSonMsg}/&gt;\n            &lt;/div&gt;\n        );\n    }\n}\n\nexport default Father;\n</code></pre>', 'http://zhouyi.run:5222/api/public/admin/getFiles?id=e52cfbc48528687fd6100e33e40f49ae.jpg&&mimetype=image/jpeg', 1, 40, 0, '2022-06-01 17:20:40', '2022-10-17 11:06:44', '学习笔记：React父子组件通信', 0, 0, 1, NULL, 'mce');
INSERT INTO `mg_articles` VALUES ('9ebe1246-c190-41b8-8392-e16cf810f248', 'd8fe526f-b9a3-44c2-9cee-625b84f2156c', 'Markdown编辑文字排版', '### 欢迎使用 Cmd Markdown 编辑阅读器\n------------------------------------\n我们理解您需要更便捷更高效的工具记录思想，整理笔记、知识，并将其中承载的价值传播给他人，**md Markdown** 是我们给出的答案 —— 我们为记录思想和分享知识提供更专业的工具。 您可以使用 md Markdown：\n\n> - 整理知识，学习笔记\n> - 发布日记，杂文，所见所想\n> - 撰写发布技术文稿（代码支持）\n> - 撰写发布学术论文（LaTeX 公式支持）\n\n#### 什么是 Markdown\n\n![](https://static01.imgkr.com/temp/ce0d6e88072942fb8932783c056aa2ed.jpg)\nMarkdown 是一种方便记忆、书写的纯文本标记语言，用户可以使用这些标记符号以最小的输入代价生成极富表现力的文档：譬如您正在阅读的这份文档。它使用简单的符号标记不同的标题，分割不同的段落，**粗体** 或者 _斜体_ 某些文字，更棒的是，它还可以\n\n> - 更加贴合微信 UI 标准\n> - 支持实时预览\n> - 支持同步滚动\n> - 支持语法高亮\n> - 支持 emoji 表情（注意开了水印会影响效果）\n> - 扩展语法支持自定义颜色和字号\n\n#### 编辑器工具\n\n1、Editor.md -- 一款开源的 Markdown 编辑器:[Editor.md](https://pandao.github.io/editor.md/examples/index.html)\n\n2、sparksuite/simplemde-markdown-editor:[html-to-markdown](https://github.com/thephpleague/html-to-markdown)\n\n**引用链接**\n\n*[1] Editor.md: https://pandao.github.io/editor.md/examples/index.html*\n*[2] html-to-markdown: https://github.com/thephpleague/html-to-markdown*', 'http://zhouyi.run:5222/api/public/admin/getFiles?id=e52cfbc48528687fd6100e33e40f49ae.jpg&&mimetype=image/jpeg', 1, 30, 1, '2022-05-28 19:52:51', '2022-10-25 03:49:19', '我们理解您需要更便捷更高效的工具记录思想，整理笔记、知识，并将其中承载的价值传播给他人，**md Markdown** 是我们给出的答案 —— 我们为记录思想和分享知识提供更专业的工具。 您可以使用 md Markdown：', 0, 0, 1, NULL, 'md');
INSERT INTO `mg_articles` VALUES ('a2598f95-46d8-46bc-a717-f6a3531bc2cb', '4ecc1acc-e2fa-489c-a288-ce8fd8bfa132', 'uniapp在ios中时间转时间戳问题', '**uniapp在ios系统中**\n日期格式：2022-08-26 00:00:00  是转不了时间戳的\n\n**解决办法：**\n转成：2022/08/26 00:00:00  即可  **这种格式在安卓和ios中都通用**', 'http://zhouyi.run:5222/api/public/admin/getFiles?id=e52cfbc48528687fd6100e33e40f49ae.jpg&&mimetype=image/jpeg', 1, 37, 0, '2022-08-26 11:25:44', '2022-10-12 09:18:17', 'uniapp在ios中时间转时间戳问题', 0, 0, 0, NULL, 'md');
INSERT INTO `mg_articles` VALUES ('ac298890-1f8b-497a-b1e4-2030380bd29f', '9a58d27b-ed33-4cfa-a1a7-af4e8d46e9c6', 'vue刷新组件的特殊方式', '在根组件App.vue中：\n``` js\n<template>\n  <div id=\"app\">\n    <router-view v-if=\"isRouterShow\"/>\n  </div>\n</template>\n\n<script>\nexport default {\n  name: \'App\',\n  provide () {\n    return {\n      reload: this.reload  //把方法传递给下级组件\n    }\n  },\n  data(){\n    return{\n      isRouterShow: true ,//定义一个变量控制v-if\n    }\n  },\n  methods:{\n    async reload () {  //触发显示隐藏\n      this.isRouterShow = false\n      await this.$nextTick()\n      this.isRouterShow = true\n    },\n  }\n}\n```\n在其他页面中 test.vue (内有其他子组件)\n``` js\nexport default {\n   inject: [\'reload\'], //接收App.vue传递的方法\n   methods: {\n    //刷新test.vue页面内所有组件\n     reloadHandle() {\n       this.reload()  //直接调用\n     },\n}\n```\n------------------------------------\n![wallhaven-6ozkzl.jpg](http://zhouyi.run:5222/api/public/admin/getFiles?id=aa239307f3033e705581591ef7f4607a.jpg&&mimetype=image/jpeg)', 'http://zhouyi.run:5222/api/public/admin/getFiles?id=732da40e980985b9ef92b15f8815749b.jpg&&mimetype=image/jpeg', 1, 30, 0, '2022-08-09 09:42:38', '2022-09-23 19:02:33', 'vue刷新组件的特殊方式', 0, 0, 1, NULL, 'md');
INSERT INTO `mg_articles` VALUES ('aee3edea-add2-46b3-834f-832476967101', '9a58d27b-ed33-4cfa-a1a7-af4e8d46e9c6', '关于vue.config.js 的 proxy 配置', '<h2>关于vue.config.js 的 proxy 配置</h2>\n<blockquote>\n<p>有的同学不怎么明白项目里面有的配置了 pathRewrite 地址重写，有的又没有进行配置？</p>\n</blockquote>\n<pre class=\"language-javascript\"><code>/*\n* proxy代理配置的说明\n\n* *接口例子：/zy-server/sms/captcha\n*\n* 1.没有配置地址重写 pathRewrite：\n* proxy: {\n  \'/zy-server\': {\n    target: \'http://localhost:5220\', //测试环境\n  },\n},\n*  proxy: \'http://localhost:5220\'  //也可以这样写\n*  \n*  比如: http://localhost:8081/zy-server/sms/captcha \n        会被转发到 http://localhost:5220/zy-server/sms/captcha //浏览器是看不到的\n*\n* 2.配置有 地址重写 pathRewrite： 就不能用 &lsquo;/zy-server&rsquo; 作为代理字段,因为后端接口是带有的，\n*  前端接口得加上自定义 &lsquo;/mg&rsquo; 进行实现更多的代理控制行为：\n* *接口例子：/mg/zy-server/sms/captcha\n*\n* proxy: {\n  \'/mg\': {\n    target: \'http://localhost:5220\', //测试环境\n    pathRewrite: {\n      \'^/mg\': \'\'\n    }\n  },\n},\n*\n*  比如: http://localhost:8081/mg/zy-server/sms/captcha 会被转发到 \n        http://localhost:5220/zy-server/sms/captcha\n* */</code></pre>\n<p>&nbsp;</p>\n<blockquote>\n<p><a href=\"https://cli.vuejs.org/zh/config/#devserver-proxy\" target=\"_blank\" rel=\"noopener\">?查看官网 vue.config.js 配置</a></p>\n</blockquote>\n<p>&nbsp;</p>', 'http://zhouyi.run:5222/api/public/admin/getFiles?id=1161f8ab2fd4da7baaa1a6e303e8d9d4.png&&mimetype=image/png', 1, 74, 2, '2022-05-22 11:14:58', '2022-10-19 23:52:16', 'vue.config.js的proxy原理，不怎么明白项目里面有的配置了 pathRewrite 地址重写，有的又没有进行配置？', 0, 0, 1, NULL, 'mce');
INSERT INTO `mg_articles` VALUES ('c605f6e7-e06f-4b5b-8297-ed3d5e42ed79', '4ecc1acc-e2fa-489c-a288-ce8fd8bfa132', '博客微信小程序端上线啦', '<h3>博客微信小程序端上线啦，源码已开放，快去看看吧</h3>\n<blockquote>\n<p>Gitee地址：<a href=\"https://gitee.com/Z568_568/all-blog-sys/tree/master/v1.0.2/mg-mini\" target=\"_blank\" rel=\"noopener\">https://gitee.com/Z568_568/all-blog-sys/tree/master/v1.0.2/mg-mini</a></p>\n</blockquote>\n<h3>项目预览</h3>\n<p><img class=\"wscnph\" src=\"http://zhouyi.run:5222/api/public/admin/getFiles?id=769b9ff839e0b3be513e57e6ce0c7ef6.png&amp;&amp;mimetype=image/png\" /></p>\n<p>&nbsp;</p>\n<h3>项目截图</h3>\n<p><img class=\"wscnph\" style=\"width: 375px;\" src=\"http://zhouyi.run:5222/api/public/admin/getFiles?id=4d176daaeb13350fdd8fc52f5050f4cd.jpg&amp;&amp;mimetype=image/jpeg\" /><img class=\"wscnph\" style=\"width: 375px;\" src=\"http://zhouyi.run:5222/api/public/admin/getFiles?id=71ef63fd033b7aa0e063a96c5eed450f.jpg&amp;&amp;mimetype=image/jpeg\" /><img class=\"wscnph\" style=\"width: 375px;\" src=\"http://zhouyi.run:5222/api/public/admin/getFiles?id=bfe744f0e053f0a8d543b750ee5a341f.jpg&amp;&amp;mimetype=image/jpeg\" /><img class=\"wscnph\" style=\"width: 375px;\" src=\"http://zhouyi.run:5222/api/public/admin/getFiles?id=73595bc7e0e97686887c018df68c25ce.jpg&amp;&amp;mimetype=image/jpeg\" /></p>\n<p>&nbsp;</p>\n<blockquote>\n<p>记得 点亮星星哦！希望对你有帮助&nbsp; 有问题可以给我留言 ?</p>\n</blockquote>', 'http://zhouyi.run:5222/api/public/admin/getFiles?id=a569ad5cbb9765bda1cfed5736559d75.jpg&&mimetype=image/jpeg', 1, 116, 1, '2022-05-20 18:41:20', '2022-11-09 15:40:43', '博客微信小程序端上线啦，记得 点亮星星哦！希望对你有帮助', 0, 0, 1, NULL, 'mce');
INSERT INTO `mg_articles` VALUES ('cf4609ca-1371-4096-9bf6-437681bc2590', '9a58d27b-ed33-4cfa-a1a7-af4e8d46e9c6', '使用 JavaScript 编写更好的条件语句', '<h2 data-tool=\"mdnice编辑器\">1、数组方法 Array.includes</h2>\n<p data-tool=\"mdnice编辑器\">使用&nbsp;<code>Array.includes</code>&nbsp;进行多条件选择</p>\n<p data-tool=\"mdnice编辑器\">例如：</p>\n<pre data-tool=\"mdnice编辑器\"><code></code></pre>\n<pre class=\"language-javascript\"><code>function printAnimals(animal) {\n    if (animal === \'dog\' || animal === \'cat\') {\n        console.log(I have a ${animal});\n    }\n}\n\nconsole.log(printAnimals(\'dog\')); // I have a dog</code></pre>\n<p data-tool=\"mdnice编辑器\">上面的代码看起来很好因为我们只检查了两个动物。然而，我们不确定用户输入。如果我们要检查任何其他动物呢？如果我们通过添加更多&ldquo;或&rdquo;语句来扩展，代码将变得难以维护和不清晰。</p>\n<p data-tool=\"mdnice编辑器\"><strong>解决方案:</strong></p>\n<p data-tool=\"mdnice编辑器\">我们可以通过使用&nbsp;<code>Array.includes</code>&nbsp;来重写上面的条件</p>\n<pre class=\"language-javascript\"><code>function printAnimals(animal) {\n   const animals = [\'dog\', \'cat\', \'hamster\', \'turtle\']; \n\n   if (animals.includes(animal)) {\n     console.log(I have a ${animal});\n   }\n}\n\nconsole.log(printAnimals(\'hamster\')); // I have a hamster</code></pre>\n<p data-tool=\"mdnice编辑器\">这里，我们创建来一个动物数组，所以条件语句可以和代码的其余部分抽象分离出来。现在，如果我们想要检查任何其他动物，我们只需要添加一个新的数组项。</p>\n<p data-tool=\"mdnice编辑器\">我们也能在这个函数作用域外部使用这个动物数组变量来在代码中的其他任意地方重用它。这是一个编写更清晰、易理解和维护的代码的方法，不是吗？</p>\n<h2 data-tool=\"mdnice编辑器\">2、提前退出 / 提前返回</h2>\n<p data-tool=\"mdnice编辑器\">这是一个精简你的代码的非常酷的技巧。我记得当我开始专业工作时，我在第一天学习使用提前退出来编写条件。</p>\n<p data-tool=\"mdnice编辑器\">让我们在之前的例子上添加更多的条件。用包含确定属性的对象替代简单字符串的动物。</p>\n<p data-tool=\"mdnice编辑器\">现在的需求是：</p>\n<ul class=\"list-paddingleft-1\" data-tool=\"mdnice编辑器\">\n<li>\n<section>如果没有动物，抛出一个异常</section>\n</li>\n<li>\n<section>打印动物类型</section>\n</li>\n<li>\n<section>打印动物名字</section>\n</li>\n<li>\n<section>打印动物性别</section>\n</li>\n</ul>\n<pre data-tool=\"mdnice编辑器\"><code></code></pre>\n<pre class=\"language-javascript\"><code>const printAnimalDetails = animal =&gt; {\n  let result; // declare a variable to store the final value\n\n  // condition 1: check if animal has a value\n  if (animal) {\n\n    // condition 2: check if animal has a type property\n    if (animal.type) {\n\n      // condition 3: check if animal has a name property\n      if (animal.name) {\n\n        // condition 4: check if animal has a gender property\n        if (animal.gender) {\n          result = ${animal.name} is a ${animal.gender} ${animal.type};;\n        } else {\n          result = \"No animal gender\";\n        }\n      } else {\n        result = \"No animal name\";\n      }\n    } else {\n      result = \"No animal type\";\n    }\n  } else {\n    result = \"No animal\";\n  }\n\n  return result;\n};\n\nconsole.log(printAnimalDetails()); // \'No animal\'\n\nconsole.log(printAnimalDetails({ type: \"dog\", gender: \"female\" })); // \'No animal name\'\n\nconsole.log(printAnimalDetails({ type: \"dog\", name: \"Lucy\" })); // \'No animal gender\'\n\nconsole.log(\n  printAnimalDetails({ type: \"dog\", name: \"Lucy\", gender: \"female\" })\n); // \'Lucy is a female dog\'</code></pre>\n<p data-tool=\"mdnice编辑器\">你觉得上面的代码怎么样？</p>\n<p data-tool=\"mdnice编辑器\">它工作得很好，但是代码很长并且维护困难。如果不使用lint工具，找出闭合花括号在哪都会浪费很多时间。? 想象如果代码有更复杂的逻辑会怎么样？大量的if..else语句。</p>\n<p data-tool=\"mdnice编辑器\">我们能用三元运算符、&amp;&amp;条件等语法重构上面的功能，但让我们用多个返回语句编写更清晰的代码。</p>\n<pre data-tool=\"mdnice编辑器\"><code></code></pre>\n<pre class=\"language-javascript\"><code>const printAnimalDetails = ({type, name, gender } = {}) =&gt; {\n  if(!type) return \'No animal type\';\n  if(!name) return \'No animal name\';\n  if(!gender) return \'No animal gender\';\n\n// Now in this line of code, we\'re sure that we have an animal with all //the three properties here.\n\n  return ${name} is a ${gender} ${type};\n}\n\nconsole.log(printAnimalDetails()); // \'No animal type\'\n\nconsole.log(printAnimalDetails({ type: dog })); // \'No animal name\'\n\nconsole.log(printAnimalDetails({ type: dog, gender: female })); // \'No animal name\'\n\nconsole.log(printAnimalDetails({ type: dog, name: \'Lucy\', gender: \'female\' })); // \'Lucy is a female dog\'</code></pre>\n<pre data-tool=\"mdnice编辑器\"><code>&nbsp;</code></pre>\n<p data-tool=\"mdnice编辑器\">在这个重构过的版本中，也包含了解构和默认参数。默认参数确保如果我们传递undefined作为一个方法的参数，我们仍然有值可以解构，在这里它是一个空对象{}。</p>\n<p data-tool=\"mdnice编辑器\">通常，在专业领域，代码被写在这两种方法之间。</p>\n<p data-tool=\"mdnice编辑器\">另一个例子：</p>\n<pre data-tool=\"mdnice编辑器\"><code></code></pre>\n<pre class=\"language-javascript\"><code>function printVegetablesWithQuantity(vegetable, quantity) {\n  const vegetables = [\'potato\', \'cabbage\', \'cauliflower\', \'asparagus\'];\n\n  // condition 1: vegetable should be present\n   if (vegetable) {\n     // condition 2: must be one of the item from the list\n     if (vegetables.includes(vegetable)) {\n       console.log(I like ${vegetable});\n\n       // condition 3: must be large quantity\n       if (quantity &gt;= 10) {\n         console.log(\'I have bought a large quantity\');\n       }\n     }\n   } else {\n     throw new Error(\'No vegetable from the list!\');\n   }\n}\n\nprintVegetablesWithQuantity(null); //  No vegetable from the list!\nprintVegetablesWithQuantity(\'cabbage\'); // I like cabbage\nprintVegetablesWithQuantity(\'cabbage\', 20); \n// \'I like cabbage\n// \'I have bought a large quantity\'</code></pre>\n<pre data-tool=\"mdnice编辑器\"><code>&nbsp;</code></pre>\n<p data-tool=\"mdnice编辑器\">现在，我们有：</p>\n<ul class=\"list-paddingleft-1\" data-tool=\"mdnice编辑器\">\n<li>\n<section>1 if/else 语句过滤非法条件</section>\n</li>\n<li>\n<section>3 级嵌套if语句 (条件 1, 2, &amp; 3)</section>\n</li>\n</ul>\n<p data-tool=\"mdnice编辑器\">一个普遍遵循的规则是：在非法条件匹配时提前退出。</p>\n<pre data-tool=\"mdnice编辑器\"><code></code></pre>\n<pre class=\"language-javascript\"><code>function printVegetablesWithQuantity(vegetable, quantity) {\n\n  const vegetables = [\'potato\', \'cabbage\', \'cauliflower\', \'asparagus\'];\n\n   // condition 1: throw error early\n   if (!vegetable) throw new Error(\'No vegetable from the list!\');\n\n   // condition 2: must be in the list\n   if (vegetables.includes(vegetable)) {\n      console.log(I like ${vegetable});\n\n     // condition 3: must be a large quantity\n      if (quantity &gt;= 10) {\n        console.log(\'I have bought a large quantity\');\n      }\n   }\n}</code></pre>\n<p data-tool=\"mdnice编辑器\">通过这么做，我们少了一个嵌套层级。当你有一个长的if语句时，这种代码风格特别好。</p>\n<p data-tool=\"mdnice编辑器\">我们能通过条件倒置和提前返回，进一步减少嵌套的if语句。查看下面的条件2，观察我们是怎么做的</p>\n<pre data-tool=\"mdnice编辑器\"><code></code></pre>\n<pre class=\"language-javascript\"><code>function printVegetablesWithQuantity(vegetable, quantity) {\n\n  const vegetables = [\'potato\', \'cabbage\', \'cauliflower\', \'asparagus\'];\n\n   if (!vegetable) throw new Error(\'No vegetable from the list!\'); \n   // condition 1: throw error early\n\n   if (!vegetables.includes(vegetable)) return; \n   // condition 2: return from the function is the vegetable is not in \n  //  the list \n\n\n  console.log(I like ${vegetable});\n\n  // condition 3: must be a large quantity\n  if (quantity &gt;= 10) {\n      console.log(\'I have bought a large quantity\');\n  }\n}</code></pre>\n<p data-tool=\"mdnice编辑器\">通过倒置条件2，代码没有嵌套语句了。这种技术在我们有很多条件并且当任何特定条件不匹配时，我们想停止进一步处理的时候特别有用。</p>\n<p data-tool=\"mdnice编辑器\">所以，总是关注更少的嵌套和提前返回，但也不要过度地使用。</p>\n<h2 data-tool=\"mdnice编辑器\">3、用对象字面量或Map替代Switch语句</h2>\n<p data-tool=\"mdnice编辑器\">让我们来看看下面的例子，我们想要基于颜色打印水果：</p>\n<pre data-tool=\"mdnice编辑器\"><code></code></pre>\n<pre class=\"language-javascript\"><code>function printFruits(color) {\n  // use switch case to find fruits by color\n  switch (color) {\n    case \'red\':\n      return [\'apple\', \'strawberry\'];\n    case \'yellow\':\n      return [\'banana\', \'pineapple\'];\n    case \'purple\':\n      return [\'grape\', \'plum\'];\n    default:\n      return [];\n  }\n}\n\nprintFruits(null); // []\nprintFruits(\'yellow\'); // [\'banana\', \'pineapple\']</code></pre>\n<p data-tool=\"mdnice编辑器\">上面的代码没有错误，但是它仍然有些冗长。相同的功能能用对象字面量以更清晰的语法实现：</p>\n<pre data-tool=\"mdnice编辑器\"><code></code></pre>\n<pre class=\"language-javascript\"><code>// use object literal to find fruits by color\n  const fruitColor = {\n    red: [\'apple\', \'strawberry\'],\n    yellow: [\'banana\', \'pineapple\'],\n    purple: [\'grape\', \'plum\']\n  };\n\nfunction printFruits(color) {\n  return fruitColor[color] || [];\n}</code></pre>\n<p data-tool=\"mdnice编辑器\">另外，你也能用&nbsp;<code>Map</code>&nbsp;来实现相同的功能：</p>\n<pre data-tool=\"mdnice编辑器\"><code></code></pre>\n<pre class=\"language-javascript\"><code>// use Map to find fruits by color\n  const fruitColor = new Map()\n    .set(\'red\', [\'apple\', \'strawberry\'])\n    .set(\'yellow\', [\'banana\', \'pineapple\'])\n    .set(\'purple\', [\'grape\', \'plum\']);\n\nfunction printFruits(color) {\n  return fruitColor.get(color) || [];\n}</code></pre>\n<p data-tool=\"mdnice编辑器\"><code>Map</code>&nbsp;允许保存键值对，是自从ES2015以来可以使用的对象类型。</p>\n<p data-tool=\"mdnice编辑器\">对于上面的例子，相同的功能也能用数组方法<code>Array.filter</code>&nbsp;来实现。</p>\n<pre data-tool=\"mdnice编辑器\"><code></code></pre>\n<pre class=\"language-javascript\"><code>const fruits = [\n    { name: \'apple\', color: \'red\' }, \n    { name: \'strawberry\', color: \'red\' }, \n    { name: \'banana\', color: \'yellow\' }, \n    { name: \'pineapple\', color: \'yellow\' }, \n    { name: \'grape\', color: \'purple\' }, \n    { name: \'plum\', color: \'purple\' }\n];\n\nfunction printFruits(color) {\n  return fruits.filter(fruit =&gt; fruit.color === color);\n}</code></pre>\n<h2 data-tool=\"mdnice编辑器\">4、默认参数和解构</h2>\n<p data-tool=\"mdnice编辑器\">当使用 JavaScript 工作时，我们总是需要检查&nbsp;<code>null/undefined</code>&nbsp;值并赋默认值，否则可能编译失败。</p>\n<pre data-tool=\"mdnice编辑器\"><code></code></pre>\n<pre class=\"language-javascript\"><code>function printVegetablesWithQuantity(vegetable, quantity = 1) { \n// if quantity has no value, assign 1\n\n  if (!vegetable) return;\n    console.log(We have ${quantity} ${vegetable}!);\n}\n\n//results\nprintVegetablesWithQuantity(\'cabbage\'); // We have 1 cabbage!\nprintVegetablesWithQuantity(\'potato\', 2); // We have 2 potato!</code></pre>\n<p data-tool=\"mdnice编辑器\">如果 vegetable 是一个对象呢？我们能赋一个默认参数吗？</p>\n<pre data-tool=\"mdnice编辑器\"><code></code></pre>\n<pre class=\"language-javascript\"><code>function printVegetableName(vegetable) { \n    if (vegetable &amp;&amp; vegetable.name) {\n     console.log (vegetable.name);\n   } else {\n    console.log(\'unknown\');\n   }\n}\n\nprintVegetableName(undefined); // unknown\nprintVegetableName({}); // unknown\nprintVegetableName({ name: \'cabbage\', quantity: 2 }); // cabbage</code></pre>\n<p data-tool=\"mdnice编辑器\">在上面的例子中，如果vegetable 存在，我们想要打印 vegetable name, 否则打印\"unknown\"。</p>\n<p data-tool=\"mdnice编辑器\">我们能通过使用默认参数和解构来避免条件语句 if (vegetable &amp;&amp; vegetable.name) {} 。</p>\n<pre data-tool=\"mdnice编辑器\"><code></code></pre>\n<pre class=\"language-javascript\"><code>// destructing - get name property only\n// assign default empty object {}\n\nfunction printVegetableName({name} = {}) {\n   console.log (name || \'unknown\');\n}\n\n\nprintVegetableName(undefined); // unknown\nprintVegetableName({ }); // unknown\nprintVegetableName({ name: \'cabbage\', quantity: 2 }); // cabbage</code></pre>\n<p data-tool=\"mdnice编辑器\">因为我们只需要&nbsp;<code>name</code>&nbsp;属性，所以我们可以使用&nbsp;<code>{ name }</code>&nbsp;解构参数，然后我们就能在代码中使用&nbsp;<code>name</code>&nbsp;作为变量，而不是&nbsp;<code>vegetable.name</code>&nbsp;。</p>\n<p data-tool=\"mdnice编辑器\">我们还赋了一个空对象 {} 作为默认值，因为当执行&nbsp;<code>printVegetableName(undefined)</code>&nbsp;时会得到一个错误：不能从&nbsp;<code>undefined</code>&nbsp;或&nbsp;<code>null</code>&nbsp;解构属性&nbsp;<code>name</code>&nbsp;，因为在&nbsp;<code>undefined</code>&nbsp;中没有&nbsp;<code>name</code>&nbsp;属性。</p>\n<h2 data-tool=\"mdnice编辑器\">5、用 Array.every &amp; Array.some 匹配全部/部分内容</h2>\n<p data-tool=\"mdnice编辑器\">我们能使用数组方法减少代码行。查看下面的代码，我们想要检查是否所有的水果都是红色的：</p>\n<pre data-tool=\"mdnice编辑器\"><code></code></pre>\n<pre class=\"language-javascript\"><code>const fruits = [\n    { name: \'apple\', color: \'red\' },\n    { name: \'banana\', color: \'yellow\' },\n    { name: \'grape\', color: \'purple\' }\n  ];\n\nfunction test() {\n  let isAllRed = true;\n\n  // condition: all fruits must be red\n  for (let f of fruits) {\n    if (!isAllRed) break;\n    isAllRed = (f.color == \'red\');\n  }\n\n  console.log(isAllRed); // false\n}</code></pre>\n<p data-tool=\"mdnice编辑器\">这代码太长了！我们能用&nbsp;<code>Array.every</code>&nbsp;来减少代码行数：</p>\n<pre data-tool=\"mdnice编辑器\"><code></code></pre>\n<pre class=\"language-javascript\"><code>const fruits = [\n    { name: \'apple\', color: \'red\' },\n    { name: \'banana\', color: \'yellow\' },\n    { name: \'grape\', color: \'purple\' }\n  ];\n\nfunction test() {\n  // condition: short way, all fruits must be red\n  const isAllRed = fruits.every(f =&gt; f.color == \'red\');\n\n  console.log(isAllRed); // false\n}</code></pre>\n<p data-tool=\"mdnice编辑器\">相似地，如果我们想测试是否有任何红色的水果，我们能用一行&nbsp;<code>Array.some</code>&nbsp;来实现它。</p>\n<pre data-tool=\"mdnice编辑器\"><code></code></pre>\n<pre class=\"language-javascript\"><code>const fruits = [\n    { name: \'apple\', color: \'red\' },\n    { name: \'banana\', color: \'yellow\' },\n    { name: \'grape\', color: \'purple\' }\n];\n\nfunction test() {\n  // condition: if any fruit is red\n  const isAnyRed = fruits.some(f =&gt; f.color == \'red\');\n\n  console.log(isAnyRed); // true\n}</code></pre>\n<h2 data-tool=\"mdnice编辑器\">6、使用可选链和空值合并</h2>\n<p data-tool=\"mdnice编辑器\">这有两个为编写更清晰的条件语句而即将成为 JavaScript 增强的功能。当写这篇文章时，它们还没有被完全支持，你需要使用 Babel 来编译。</p>\n<p data-tool=\"mdnice编辑器\">可选链允许我们没有明确检查中间节点是否存在地处理 tree-like 结构，空值合并和可选链组合起来工作得很好，以确保为不存在的值赋一个默认值。</p>\n<p data-tool=\"mdnice编辑器\">这有一个例子：</p>\n<pre data-tool=\"mdnice编辑器\"><code></code></pre>\n<pre class=\"language-javascript\"><code>const car = {\n    model: \'Fiesta\',\n    manufacturer: {\n    name: \'Ford\',\n    address: {\n        street: \'Some Street Name\',\n        number: \'5555\',\n        state: \'USA\'\n      }\n    }\n} \n\n// to get the car model\nconst model = car &amp;&amp; car.model || \'default model\';\n\n// to get the manufacturer street\nconst street = car &amp;&amp; car.manufacturer &amp;&amp; car.manufacturer.address &amp;&amp; \ncar.manufacturer.address.street || \'default street\';\n\n// request an un-existing property\nconst phoneNumber = car &amp;&amp; car.manufacturer &amp;&amp; car.manufacturer.address \n&amp;&amp; car.manufacturer.phoneNumber;\n\nconsole.log(model) // \'Fiesta\'\nconsole.log(street) // \'Some Street Name\'\nconsole.log(phoneNumber) // undefined</code></pre>\n<p data-tool=\"mdnice编辑器\">所以，如果我们想要打印是否车辆生产商来自美国，代码将看起来像这样：</p>\n<pre data-tool=\"mdnice编辑器\"><code></code></pre>\n<pre class=\"language-javascript\"><code>const isManufacturerFromUSA = () =&gt; {\n   if(car &amp;&amp; car.manufacturer &amp;&amp; car.manufacturer.address &amp;&amp; \n car.manufacturer.address.state === \'USA\') {\n     console.log(\'true\');\n   }\n}\n\n\ncheckCarManufacturerState() // \'true\'</code></pre>\n<p data-tool=\"mdnice编辑器\">你能清晰地看到当有一个更复杂的对象结构时，这能变得多乱。有一些第三方的库有它们自己的函数，像 lodash 或 idx。例如 lodash 有 _.get 方法。然而，JavaScript 语言本身被引入这个特性是非常酷的。</p>\n<p data-tool=\"mdnice编辑器\">这展示了这些新特性如何工作：<code></code></p>\n<pre class=\"language-javascript\"><code>// to get the car model\nconst model = car?.model ?? \'default model\';\n\n// to get the manufacturer street\nconst street = car?.manufacturer?.address?.street ?? \'default street\';\n\n// to check if the car manufacturer is from the USA\nconst isManufacturerFromUSA = () =&gt; {\n   if(car?.manufacturer?.address?.state === \'USA\') {\n     console.log(\'true\');\n   }\n}</code></pre>\n<p data-tool=\"mdnice编辑器\">这看起来很美观并容易维护。它已经到 TC39 stage 3 阶段，让我们等待它获得批准，然后我们就能无处不在地看到这难以置信的语法的使用。</p>\n<h2 data-tool=\"mdnice编辑器\">总结</h2>\n<p data-tool=\"mdnice编辑器\">让我们为了编写更清晰、易维护的代码，学习并尝试新的技巧和技术，因为在几个月后，长长的条件看起来像搬石头砸自己的脚。?</p>', 'http://zhouyi.run:5222/api/public/admin/getFiles?id=e52cfbc48528687fd6100e33e40f49ae.jpg&&mimetype=image/jpeg', 1, 15, 1, '2022-07-26 09:58:26', '2022-09-22 00:31:13', '使用 JavaScript 编写更好的条件语句', 0, 0, 1, NULL, 'mce');
INSERT INTO `mg_articles` VALUES ('d679782d-86dd-42ed-9084-58f1aabf58b5', '9a58d27b-ed33-4cfa-a1a7-af4e8d46e9c6', 'VUE：引入腾讯地图并实现轨迹动画', '[腾讯位置服务JavaScript API](https://lbs.qq.com/webApi/javascriptGL/glGuide/glBasic)\n\n#### 效果：\n![Description](http://zhouyi.run:5222/api/public/admin/getFiles?id=904e7e6079e8b3af77f8bc26ca23366f.gif&amp;&amp;mimetype=image/gif)\n\n#### 引入步骤：\n1. 在 html 中通过引入 script 标签加载API服务\n2. 在一个盒子元素 div 中预先准备地图容器，并在CSS样式中定义地图(容器)显示大小\n3. 创建并显示地图的代码\n4. 创建动画和标记\n\n##### 1. 在 html 中通过引入 script 标签加载API服务\n\n``` js\n  <script src=\"https://map.qq.com/api/gljs?v=1.exp&key=你申请的腾讯地图应用key\"></script>\n```\n##### 2. 在body中预先准备地图容器，并在CSS样式中定义地图(容器)显示大小\n``` js\n <div id=\"container\"></div>\n\n  #container {\n    width: 100%;\n    height: calc(100vh - 280px);\n    border-radius: 10px;\n    overflow: hidden;\n  }\n\n```\n##### 3. 创建并显示地图的代码\n``` js\n   mounted() {\n      this.initMap()\n    },\n\n   methods: {\n      initMap() {\n        //设置地图中心点\n        let center = new TMap.LatLng(39.984104, 116.307503);\n        // 初始化地图\n        this.map = new TMap.Map(\'container\', {\n          zoom: 15,\n          center: center,\n          // baseMap: {  // 设置卫星地图\n          //   type: \'satellite\'\n          // }\n        });\n        this.polylineLayer = new TMap.MultiPolyline({\n          map:this.map, // 绘制到目标地图\n          // 折线样式定义\n          styles: {\n            style_blue: new TMap.PolylineStyle({\n              color: \'#ff8d00\', // 线填充色\n              width: 4, // 折线宽度\n              borderWidth: 2, // 边线宽度\n              borderColor: \'#FFF\', // 边线颜色\n              lineCap: \'round\', // 线端头方式\n              eraseColor: \'rgb(172,172,172)\',//擦除路径的颜色\n            }),\n          },\n          geometries: [\n            {\n              id: \'erasePath\',\n              styleId: \'style_blue\',\n              paths: this.path,\n            },\n          ],\n        });\n        this.marker = new TMap.MultiMarker({\n          map:this.map, // 绘制到目标地图\n          styles: {\n            \'car-down\': new TMap.MarkerStyle({\n              width: 40,\n              height: 40,\n              anchor: {\n                x: 20,\n                y: 20,\n              },\n              faceTo: \'map\',\n              rotate: 180,\n              src: \'https://mapapi.qq.com/web/lbs/javascriptGL/demo/img/car.png\',\n            }),\n            start: new TMap.MarkerStyle({\n              width: 25,\n              height: 35,\n              anchor: {x: 16, y: 32},\n              src: \'https://mapapi.qq.com/web/lbs/javascriptGL/demo/img/start.png\',\n            }),\n            end: new TMap.MarkerStyle({\n              width: 25,\n              height: 35,\n              anchor: {x: 16, y: 32},\n              src: \'https://mapapi.qq.com/web/lbs/javascriptGL/demo/img/end.png\',\n            }),\n          },\n          geometries: [\n            {\n              id: \'car\',\n              styleId: \'car-down\',\n              position: new TMap.LatLng(39.98481500648338, 116.30571126937866),\n            },\n            {\n              id: \'start\',\n              styleId: \'start\',\n              position: new TMap.LatLng(39.98481500648338, 116.30571126937866),\n            },\n            {\n              id: \'end\',\n              styleId: \'end\',\n              position: new TMap.LatLng(39.978813710266024, 116.31699800491333),\n            },\n          ],\n        });\n      }\n    }\n```\n##### 4. 创建动画和标记\n``` js\n     // 暂停动画\n     pauseMove() {\n        this.marker.pauseMove()\n      },\n     // 停止动画\n      resumeMove() {\n        this.marker.resumeMove()\n      },\n     // 开始动画\n      startCar() {\n        // 使用marker 移动接口， https://lbs.qq.com/webApi/javascriptGL/glDoc/glDocMarker\n        //调用moveAlong动画 执行标记点动画开始\n        this.marker.moveAlong(\n          {\n            car: {\n              path: this.path,//移动路径的坐标串\n              // duration:8000,//完成移动所需的时间，单位：毫秒\n              speed: 250, //speed为指定速度，正整数，单位：千米/小时\n            },\n          },\n          {\n            autoRotation: true,//自动旋转\n          }\n        );\n        //监听事件名\n        this.marker.on(\'moving\', (e) => {\n          var passedLatLngs = e.car && e.car.passedLatLngs;\n          if (passedLatLngs) {\n            // 使用路线擦除接口 eraseTo, https://lbs.qq.com/webApi/javascriptGL/glDoc/glDocVector\n            this.polylineLayer.eraseTo(\n              \'erasePath\',\n              passedLatLngs.length - 1,\n              passedLatLngs[passedLatLngs.length - 1]\n            );\n          }\n        });\n\n      },\n```\n\n------------------------------------\n#### 地图组件完整代码\n``` js\n<template>\n  <section>\n    <el-button style=\"margin: 15px\" size=\"mini\" type=\"danger\" @click=\"startCar\">开始</el-button>\n    <el-button style=\"margin: 15px\" size=\"mini\" type=\"danger\" @click=\"pauseMove\">暂停</el-button>\n    <el-button style=\"margin: 15px\" size=\"mini\" type=\"info\" @click=\"resumeMove\">继续</el-button>\n    <div id=\"container\"></div>\n  </section>\n</template>\n\n<script>\n  export default {\n    name: \"mk-map\",\n    data() {\n      return {\n        map: null,\n        path: [\n          new TMap.LatLng(39.98481500648338, 116.30571126937866),\n          new TMap.LatLng(39.982266575222155, 116.30596876144409),\n          new TMap.LatLng(39.982348784165886, 116.3111400604248),\n          new TMap.LatLng(39.978813710266024, 116.3111400604248),\n          new TMap.LatLng(39.978813710266024, 116.31699800491333),\n          new TMap.LatLng(39.988813710266024, 116.31699800491333),\n          new TMap.LatLng(39.989813710266024, 116.31699800491333),\n          new TMap.LatLng(39.990813710266024, 116.31699800491333),\n          new TMap.LatLng(39.98481500648338, 116.30571126937866),\n        ],\n        polylineLayer: null,\n        marker: null\n      }\n    },\n    mounted() {\n      this.initMap()\n    },\n    methods: {\n      pauseMove() {\n        this.marker.pauseMove()\n      },\n      resumeMove() {\n        this.marker.resumeMove()\n      },\n      startCar() {\n        // 使用marker 移动接口， https://lbs.qq.com/webApi/javascriptGL/glDoc/glDocMarker\n        //调用moveAlong动画 执行标记点动画开始\n        this.marker.moveAlong(\n          {\n            car: {\n              path: this.path,//移动路径的坐标串\n              // duration:8000,//完成移动所需的时间，单位：毫秒\n              speed: 250, //speed为指定速度，正整数，单位：千米/小时\n            },\n          },\n          {\n            autoRotation: true,//自动旋转\n          }\n        );\n        //监听事件名\n        this.marker.on(\'moving\', (e) => {\n          var passedLatLngs = e.car && e.car.passedLatLngs;\n          if (passedLatLngs) {\n            // 使用路线擦除接口 eraseTo, https://lbs.qq.com/webApi/javascriptGL/glDoc/glDocVector\n            this.polylineLayer.eraseTo(\n              \'erasePath\',\n              passedLatLngs.length - 1,\n              passedLatLngs[passedLatLngs.length - 1]\n            );\n          }\n        });\n\n      },\n      initMap() {\n        //设置地图中心点\n        let center = new TMap.LatLng(39.984104, 116.307503);\n        // 初始化地图\n        this.map = new TMap.Map(\'container\', {\n          zoom: 15,\n          center: center,\n          // baseMap: {  // 设置卫星地图\n          //   type: \'satellite\'\n          // }\n        });\n        this.polylineLayer = new TMap.MultiPolyline({\n          map:this.map, // 绘制到目标地图\n          // 折线样式定义\n          styles: {\n            style_blue: new TMap.PolylineStyle({\n              color: \'#ff8d00\', // 线填充色\n              width: 4, // 折线宽度\n              borderWidth: 2, // 边线宽度\n              borderColor: \'#FFF\', // 边线颜色\n              lineCap: \'round\', // 线端头方式\n              eraseColor: \'rgb(172,172,172)\',//擦除路径的颜色\n            }),\n          },\n          geometries: [\n            {\n              id: \'erasePath\',\n              styleId: \'style_blue\',\n              paths: this.path,\n            },\n          ],\n        });\n        this.marker = new TMap.MultiMarker({\n          map:this.map, // 绘制到目标地图\n          styles: {\n            \'car-down\': new TMap.MarkerStyle({\n              width: 40,\n              height: 40,\n              anchor: {\n                x: 20,\n                y: 20,\n              },\n              faceTo: \'map\',\n              rotate: 180,\n              src: \'https://mapapi.qq.com/web/lbs/javascriptGL/demo/img/car.png\',\n            }),\n            start: new TMap.MarkerStyle({\n              width: 25,\n              height: 35,\n              anchor: {x: 16, y: 32},\n              src: \'https://mapapi.qq.com/web/lbs/javascriptGL/demo/img/start.png\',\n            }),\n            end: new TMap.MarkerStyle({\n              width: 25,\n              height: 35,\n              anchor: {x: 16, y: 32},\n              src: \'https://mapapi.qq.com/web/lbs/javascriptGL/demo/img/end.png\',\n            }),\n          },\n          geometries: [\n            {\n              id: \'car\',\n              styleId: \'car-down\',\n              position: new TMap.LatLng(39.98481500648338, 116.30571126937866),\n            },\n            {\n              id: \'start\',\n              styleId: \'start\',\n              position: new TMap.LatLng(39.98481500648338, 116.30571126937866),\n            },\n            {\n              id: \'end\',\n              styleId: \'end\',\n              position: new TMap.LatLng(39.978813710266024, 116.31699800491333),\n            },\n          ],\n        });\n      }\n    }\n  }\n</script>\n\n<style lang=\"scss\" scoped>\n  #container {\n    width: 100%;\n    height: calc(100vh - 280px);\n    border-radius: 10px;\n    overflow: hidden;\n  }\n</style>\n\n```\n', 'http://zhouyi.run:5222/api/public/admin/getFiles?id=e52cfbc48528687fd6100e33e40f49ae.jpg&&mimetype=image/jpeg', 1, 34, 0, '2022-09-22 14:39:27', '2022-11-11 11:44:44', 'VUE：引入腾讯地图并实现轨迹动画', 1, 1, 1, NULL, 'md');
INSERT INTO `mg_articles` VALUES ('dbd0e36a-711a-41d1-b268-f37ab00cf0f5', '4ecc1acc-e2fa-489c-a288-ce8fd8bfa132', '博客微信小程序启动教程', '<h3>博客微信小程序启动教程</h3>\n<pre class=\"language-javascript\"><code>....</code></pre>\n<ul>\n<li>有需要的话请 <a href=\"http://www.zhouyi.run/#/about\" target=\"_blank\" rel=\"noopener\">留言 </a>...</li>\n</ul>', 'http://zhouyi.run:5222/api/public/admin/getFiles?id=c0637df054b42f13380da87bc2a140a8.jpg&&mimetype=image/jpeg', 1, 69, 0, '2022-05-20 19:04:07', '2022-10-27 23:11:44', '博客微信小程序启动教程,有同学需要的话再写吧', 0, 0, 1, NULL, 'mce');
INSERT INTO `mg_articles` VALUES ('f80d786a-b735-42be-abdf-532d93097c17', 'd8fe526f-b9a3-44c2-9cee-625b84f2156c', '周兴哲 - 永不失联的爱', '<blockquote>\n<p>永不失联的爱</p>\n<p><a href=\"http://freetyst.nf.migu.cn/public/product9th/product45/2021/10/2716/2020%E5%B9%B412%E6%9C%8819%E6%97%A517%E7%82%B933%E5%88%86%E7%B4%A7%E6%80%A5%E5%86%85%E5%AE%B9%E5%87%86%E5%85%A5%E6%A2%A6%E5%93%8D%E5%BC%BA%E9%9F%B3274%E9%A6%96/%E5%85%A8%E6%9B%B2%E8%AF%95%E5%90%AC/Mp3_64_22_16/6404689Z1J9161225.mp3?channelid=02&amp;msisdn=a426959b-6412-4b39-90e5-d51838056a15&amp;Tim=1652019526567&amp;Key=a0ad825b33820979\" target=\"_blank\" rel=\"noopener\">下载地址</a></p>\n</blockquote>\n<pre class=\"language-javascript\"><code>[00:00.16]周兴哲 - 永不失联的爱\n[00:01.09]词：饶雪漫\n[00:01.25]曲：周兴哲\n[00:23.05]亲爱的你躲在哪里发呆\n[00:28.79]有什么心事还无法释怀\n[00:34.37]我们总把人生想得太坏\n[00:39.99]像旁人不允许我们的怪\n[00:45.69]每一片与众不同的云彩\n[00:51.38]都需要找到天空去存在\n[00:56.96]我们都习惯了原地徘徊\n[01:02.61]却无法习惯被依赖\n[01:08.97]你给我 这一辈子都不想失联的爱\n[01:15.60]相信爱的征途就是星辰大海\n[01:20.62]美好剧情 不会更改\n[01:25.82]是命运最好的安排\n[01:31.50]你是我\n[01:33.30]这一辈子都不想失联的爱\n[01:38.27]何苦残忍逼我把手轻轻放开\n[01:43.18]请快回来 想听你说\n[01:48.43]说你还在\n[02:16.17]走过陪你看流星的天台\n[02:21.71]熬过失去你漫长的等待\n[02:27.36]好担心没人懂你的无奈\n[02:32.97]离开我谁还把你当小孩\n[02:38.79]我猜你一定也会想念我\n[02:44.23]也怕我失落在茫茫人海\n[02:49.90]没关系只要你肯回头望\n[02:55.52]会发现我一直都在\n[03:01.93]你给我 这一辈子都不想失联的爱\n[03:08.77]你的每条讯息都是心跳节拍\n[03:13.55]每秒都想 拥你入怀\n[03:18.78]全世界你最可爱\n[03:24.59]你是我 这一辈子都不想失联的爱\n[03:31.08]就算你的呼吸远在千山之外\n[03:36.09]请你相信 我给的爱\n[03:41.35]值得你爱</code></pre>', 'http://d.musicapp.migu.cn/prod/file-service/file-down/8121e8df41a5c12f48b69aea89b71dab/e27dccd008b264a4b76b35c4ed59abb1/acabc4887435b492e759069802d04dd5', 1, 92, 2, '2022-05-08 22:49:13', '2022-08-25 14:27:13', '周兴哲 - 永不失联的爱', 0, 0, 1, NULL, 'mce');

-- ----------------------------
-- Table structure for mg_comments
-- ----------------------------
DROP TABLE IF EXISTS `mg_comments`;
CREATE TABLE `mg_comments`  (
  `id` char(36) CHARACTER SET utf8 COLLATE utf8_bin NOT NULL,
  `article_id` varchar(255) CHARACTER SET utf8 COLLATE utf8_general_ci NULL DEFAULT NULL COMMENT '文章ID',
  `article_title` varchar(255) CHARACTER SET utf8 COLLATE utf8_general_ci NULL DEFAULT NULL COMMENT '文章标题',
  `pid` varchar(255) CHARACTER SET utf8 COLLATE utf8_general_ci NULL DEFAULT NULL COMMENT '父级评论Id',
  `from_userId` varchar(255) CHARACTER SET utf8 COLLATE utf8_general_ci NULL DEFAULT NULL COMMENT '评论来源Id',
  `from_username` varchar(255) CHARACTER SET utf8 COLLATE utf8_general_ci NULL DEFAULT NULL COMMENT '评论来源',
  `from_user_logo` longtext CHARACTER SET utf8 COLLATE utf8_general_ci NULL COMMENT '来源评论用户头像',
  `to_userId` varchar(255) CHARACTER SET utf8 COLLATE utf8_general_ci NULL DEFAULT NULL COMMENT '回复评论用户Id',
  `to_username` varchar(255) CHARACTER SET utf8 COLLATE utf8_general_ci NULL DEFAULT NULL COMMENT '回复评论名称',
  `to_user_logo` longtext CHARACTER SET utf8 COLLATE utf8_general_ci NULL COMMENT '回复评论用户头像',
  `content` longtext CHARACTER SET utf8 COLLATE utf8_general_ci NULL COMMENT '回复评论内容',
  `createdAt` datetime NOT NULL,
  `updatedAt` datetime NOT NULL,
  PRIMARY KEY (`id`) USING BTREE
) ENGINE = InnoDB CHARACTER SET = utf8 COLLATE = utf8_general_ci ROW_FORMAT = COMPACT;

-- ----------------------------
-- Records of mg_comments
-- ----------------------------
INSERT INTO `mg_comments` VALUES ('04c1711c-2a3a-42f0-9b51-f04949687730', '6b57b52a-2f63-49ca-aa13-c2edc7aae8ba', '防抖和节流', '0', '1', '吴彦祖', 'https://marketplace.canva.cn/EAEsSrIavXA/2/0/1600w/canva-lqyXLROcj-k.jpg', '', '', '', '666', '2022-07-06 16:00:30', '2022-07-06 16:00:30');
INSERT INTO `mg_comments` VALUES ('061524e5-3651-4dfc-8d42-e10b065eaca9', '02ace927-8356-4297-8fcd-9db2841309fc', 'Sass 在vue中使用', '0', '1', '吴彦祖', 'https://marketplace.canva.cn/EAEsSrIavXA/2/0/1600w/canva-lqyXLROcj-k.jpg', '', '', '', 'ssss', '2022-06-05 00:48:45', '2022-06-05 00:48:45');
INSERT INTO `mg_comments` VALUES ('07f9cb98-15d9-4f3a-9245-de253d393edd', '10486e3a-1579-47f6-a549-671529776450', '解决 npm install 卡死不动？', '0', '1', '吴彦祖', 'https://marketplace.canva.cn/EAEsSrIavXA/2/0/1600w/canva-lqyXLROcj-k.jpg', '', '', '', '666<div><br></div>', '2022-06-16 20:01:42', '2022-06-16 20:01:42');
INSERT INTO `mg_comments` VALUES ('0ae515cd-f9eb-4dce-8108-080cae249b26', '6b57b52a-2f63-49ca-aa13-c2edc7aae8ba', '防抖和节流', '04c1711c-2a3a-42f0-9b51-f04949687730', '1', '彭于晏', 'https://p3-search.byteimg.com/img/pgc-image/1264cf7847aa40d3bcea0de7051a12c1~cs_640x640.JPEG', '1', '彭于晏', 'https://p3-search.byteimg.com/img/pgc-image/1264cf7847aa40d3bcea0de7051a12c1~cs_640x640.JPEG', '666<div><br></div>', '2022-07-11 17:09:01', '2022-07-11 17:09:01');
INSERT INTO `mg_comments` VALUES ('0b2afa11-aa16-4819-b408-8086a84e41b0', '5e1ef819-0003-4621-a0e2-be1da6ae3695', 'uniapp微信小程序弹窗强制更新版本', '0', '1', 'Jake', 'https://joeschmoe.io/api/v1/male/jake', '', '', '', '11', '2022-11-09 20:32:53', '2022-11-09 20:32:53');
INSERT INTO `mg_comments` VALUES ('0efb29d8-3004-45ac-b354-d3f9b6f9d52f', '0694183b-538c-4680-9822-399b07fd143f', '关于本项目Tinymce报错', 'be39bb77-5e83-4a55-957b-a7c9fccf3321', '1', '彭于晏', 'https://p3-search.byteimg.com/img/pgc-image/1264cf7847aa40d3bcea0de7051a12c1~cs_640x640.JPEG', '1', '吴彦祖', 'https://marketplace.canva.cn/EAEsSrIavXA/2/0/1600w/canva-lqyXLROcj-k.jpg', 'dsadsa', '2022-07-22 14:39:21', '2022-07-22 14:39:21');
INSERT INTO `mg_comments` VALUES ('1021ece6-2003-46cd-918b-986ed21e2118', '21b9f626-b6e3-4dab-9e04-f088e8d6df03', '测试的啊', '66939a2a-216e-4079-a196-bf00e3dee879', '1', '彭于晏', 'https://p3-search.byteimg.com/img/pgc-image/1264cf7847aa40d3bcea0de7051a12c1~cs_640x640.JPEG', '1', '彭于晏', 'https://p3-search.byteimg.com/img/pgc-image/1264cf7847aa40d3bcea0de7051a12c1~cs_640x640.JPEG', 'fdsr', '2022-05-16 02:15:08', '2022-05-16 02:15:08');
INSERT INTO `mg_comments` VALUES ('17121040-d0e8-4385-ab15-280850368d70', '21b9f626-b6e3-4dab-9e04-f088e8d6df03', '测试的啊', '0', '1', '吴彦祖', 'https://marketplace.canva.cn/EAEsSrIavXA/2/0/1600w/canva-lqyXLROcj-k.jpg', '', '', '', '去去去', '2022-05-27 16:54:32', '2022-05-27 16:54:32');
INSERT INTO `mg_comments` VALUES ('19e7ebd4-596e-4eb9-bf97-c4943c89957a', '1c42d541-ed6f-447b-998e-ade64ba10eeb', 'navicat建立数据库 运行sql文件 加载数据表', 'b7f1fc00-1cfd-48fc-acaa-86aae7db97c9', '1', '彭于晏', 'https://p3-search.byteimg.com/img/pgc-image/1264cf7847aa40d3bcea0de7051a12c1~cs_640x640.JPEG', '1', '吴彦祖', 'https://marketplace.canva.cn/EAEsSrIavXA/2/0/1600w/canva-lqyXLROcj-k.jpg', '<img data-v-7c9572d1=\"\" width=\"20\" height=\"20\" src=\"data:image/svg+xml;base64,PHN2ZyB4bWxucz0iaHR0cDovL3d3dy53My5vcmcvMjAwMC9zdmciIHZpZXdCb3g9IjAgMCAzNiAzNiI+PHBhdGggZmlsbD0iI0ZGQ0M0RCIgZD0iTTM2IDE4YzAgOS45NDEtOC4wNTkgMTgtMTggMTgtOS45NCAwLTE4LTguMDU5LTE4LTE4QzAgOC4wNiA4LjA2IDAgMTggMGM5Ljk0MSAwIDE4IDguMDYgMTggMTgiLz48ZWxsaXBzZSBmaWxsPSIjNjY0NTAwIiBjeD0iMTEuNSIgY3k9IjE2LjUiIHJ4PSIyLjUiIHJ5PSIzLjUiLz48cGF0aCBmaWxsPSIjNjY0NTAwIiBkPSJNMjguNDU3IDE3Ljc5N2MtLjA2LS4xMzUtMS40OTktMy4yOTctNC40NTctMy4yOTctMi45NTcgMC00LjM5NyAzLjE2Mi00LjQ1NyAzLjI5Ny0uMDkyLjIwNy0uMDMyLjQ0OS4xNDUuNTkxLjE3NS4xNDIuNDI2LjE0Ny42MS4wMTQuMDEyLS4wMDkgMS4yNjItLjkwMiAzLjcwMi0uOTAyIDIuNDI2IDAgMy42NzQuODgxIDMuNzAyLjkwMS4wODguMDY2LjE5NC4wOTkuMjk4LjA5OS4xMSAwIC4yMjEtLjAzNy4zMTItLjEwOS4xNzctLjE0Mi4yMzgtLjM4Ni4xNDUtLjU5NHpNNS45OTkgMTIuNDU4Yy0uMjA4IDAtLjQxOS0uMDY1LS41OTktLjItLjQ0Mi0uMzMxLS41MzEtLjk1OC0uMi0xLjQgMy4yNjItNC4zNSA3LjYxNi00LjQgNy44LTQuNC41NTIgMCAxIC40NDggMSAxIDAgLjU1MS0uNDQ1Ljk5OC0uOTk2IDEtLjE1Ni4wMDItMy41NjkuMDg2LTYuMjA1IDMuNi0uMTk1LjI2Mi0uNDk2LjQtLjguNHptMjMuMDAyIDIuMTI1Yy0uMzA1IDAtLjYwNC0uMTM4LS44MDEtLjQtMi41OTItMy40NTctNi45NjEtMi42MjctNy4wMDQtMi42Mi0uNTQ3LjEwOC0xLjA2OC0uMjQzLTEuMTc3LS43ODQtLjEwOC0uNTQyLjI0My0xLjA2OC43ODQtMS4xNzcuMjMxLS4wNDcgNS42NTctMS4wNzIgOC45OTYgMy4zOC4zMzIuNDQyLjI0MiAxLjA2OS0uMiAxLjQtLjE3OS4xMzctLjM4OS4yMDEtLjU5OC4yMDF6bS01Ljc0NyA4Ljk5NGMtLjE4OC0uMTEtLjQzMi0uMDg3LS41OTcuMDYtLjAxLjAwOC0xLjAxMy44NjMtNC42NTcuODYzLTMuNjQxIDAtNC42NDYtLjg1NC00LjY0Ni0uODU0LS4xNTktLjE2LS40MDQtLjE5LS42LS4wODItLjE5NS4xMTEtLjI5My4zMzktLjIzOC41NTcuMDEuMDQ0IDEuMTQ0IDQuMzc5IDUuNDg0IDQuMzc5czUuNDc0LTQuMzM1IDUuNDg1LTQuMzc5Yy4wNTMtLjIxMy0uMDQ0LS40MzEtLjIzMS0uNTQ0eiIvPjwvc3ZnPg==\" alt=\"\" class=\"emoji-icon\" style=\"vertical-align: text-top;\">', '2022-05-25 15:33:36', '2022-05-25 15:33:36');
INSERT INTO `mg_comments` VALUES ('1bc39c3f-4947-43f8-bfce-57ad1e243b40', '6b57b52a-2f63-49ca-aa13-c2edc7aae8ba', '防抖和节流', '0', '1', '吴彦祖', 'https://marketplace.canva.cn/EAEsSrIavXA/2/0/1600w/canva-lqyXLROcj-k.jpg', '', '', '', '1', '2022-07-26 10:03:59', '2022-07-26 10:03:59');
INSERT INTO `mg_comments` VALUES ('1e2678db-6eb3-4425-9c5a-aab49cdf62c9', '32737ff6-ca18-49f4-b8f9-1c942e7b9617', '新的 CSS 伪类函数 :is() 和 :where()', '0', '1', '吴彦祖', 'https://marketplace.canva.cn/EAEsSrIavXA/2/0/1600w/canva-lqyXLROcj-k.jpg', '', '', '', 'test', '2022-08-15 11:50:31', '2022-08-15 11:50:31');
INSERT INTO `mg_comments` VALUES ('25a18082-72e8-44a9-8de2-2889f5034958', '0694183b-538c-4680-9822-399b07fd143f', '关于本项目Tinymce报错', 'be39bb77-5e83-4a55-957b-a7c9fccf3321', '1', '彭于晏', 'https://p3-search.byteimg.com/img/pgc-image/1264cf7847aa40d3bcea0de7051a12c1~cs_640x640.JPEG', '1', '彭于晏', 'https://p3-search.byteimg.com/img/pgc-image/1264cf7847aa40d3bcea0de7051a12c1~cs_640x640.JPEG', 'dsadsa', '2022-07-22 14:39:25', '2022-07-22 14:39:25');
INSERT INTO `mg_comments` VALUES ('2aa227d0-3d23-43fc-a632-cdd5f2f1ed80', '5e1ef819-0003-4621-a0e2-be1da6ae3695', 'uniapp微信小程序弹窗强制更新版本', 'cd3ddf69-5a25-4f95-9e73-430800656851', '1', 'Jean', 'https://joeschmoe.io/api/v1/male/jean', '1', 'Jake', 'https://joeschmoe.io/api/v1/male/jake', '回复', '2022-10-31 09:28:56', '2022-10-31 09:28:56');
INSERT INTO `mg_comments` VALUES ('2cdd3557-36c7-4758-82de-974af0d57b37', '49bd5f91-a08a-4548-ae83-f5a66fadcab5', 'yarn超时', 'eacc2b3f-7579-4265-8396-f4be748848af', '1', 'Jean', 'https://joeschmoe.io/api/v1/male/jean', '1', 'Jean', 'https://joeschmoe.io/api/v1/male/jean', 'weee', '2022-09-21 18:10:42', '2022-09-21 18:10:42');
INSERT INTO `mg_comments` VALUES ('2ef73015-08a1-4cd9-9b08-767007d6d6d1', '02ace927-8356-4297-8fcd-9db2841309fc', 'Sass 在vue中使用', '0', '1', 'Jake', 'https://joeschmoe.io/api/v1/male/jake', '', '', '', '<img data-v-7c9572d1=\"\" width=\"20\" height=\"20\" src=\"data:image/svg+xml;base64,PHN2ZyB4bWxucz0iaHR0cDovL3d3dy53My5vcmcvMjAwMC9zdmciIHZpZXdCb3g9IjAgMCAzNiAzNiI+PHBhdGggZmlsbD0iI0ZGREI1RSIgZD0iTTM0Ljk1NiAxNy45MTZjMC0uNTAzLS4xMi0uOTc1LS4zMjEtMS40MDQtMS4zNDEtNC4zMjYtNy42MTktNC4wMS0xNi41NDktNC4yMjEtMS40OTMtLjAzNS0uNjM5LTEuNzk4LS4xMTUtNS42NjguMzQxLTIuNTE3LTEuMjgyLTYuMzgyLTQuMDEtNi4zODItNC40OTggMC0uMTcxIDMuNTQ4LTQuMTQ4IDEyLjMyMi0yLjEyNSA0LjY4OC02Ljg3NSAyLjA2Mi02Ljg3NSA2Ljc3MXYxMC43MTljMCAxLjgzMy4xOCAzLjU5NSAyLjc1OCAzLjg4NUM4LjE5NSAzNC4yMTkgNy42MzMgMzYgMTEuMjM4IDM2aDE4LjA0NGMxLjgzOCAwIDMuMzMzLTEuNDk2IDMuMzMzLTMuMzM0IDAtLjc2Mi0uMjY3LTEuNDU2LS42OTgtMi4wMTggMS4wMi0uNTcxIDEuNzItMS42NDkgMS43Mi0yLjg5OSAwLS43Ni0uMjY2LTEuNDU0LS42OTYtMi4wMTUgMS4wMjMtLjU3IDEuNzI1LTEuNjQ5IDEuNzI1LTIuOTAxIDAtLjkwOS0uMzY4LTEuNzMzLS45NjEtMi4zMzYuNzU3LS42MTEgMS4yNTEtMS41MzUgMS4yNTEtMi41ODF6Ii8+PHBhdGggZmlsbD0iI0VFOTU0NyIgZD0iTTIzLjAyIDIxLjI0OWg4LjYwNGMxLjE3IDAgMi4yNjgtLjYyNiAyLjg2Ni0xLjYzMy4yNDYtLjQxNS4xMDktLjk1Mi0uMzA3LTEuMTk5LS40MTUtLjI0Ny0uOTUyLS4xMDgtMS4xOTkuMzA3LS4yODMuNDc5LS44MDYuNzc1LTEuMzYxLjc3NWgtOC44MWMtLjg3MyAwLTEuNTgzLS43MS0xLjU4My0xLjU4M3MuNzEtMS41ODMgMS41ODMtMS41ODNIMjguN2MuNDgzIDAgLjg3NS0uMzkyLjg3NS0uODc1cy0uMzkyLS44NzUtLjg3NS0uODc1aC01Ljg4OGMtMS44MzggMC0zLjMzMyAxLjQ5NS0zLjMzMyAzLjMzMyAwIDEuMDI1LjQ3NSAxLjkzMiAxLjIwNSAyLjU0NC0uNjE1LjYwNS0uOTk4IDEuNDQ1LS45OTggMi4zNzMgMCAxLjAyOC40NzggMS45MzggMS4yMTIgMi41NDktLjYxMS42MDQtLjk5IDEuNDQxLS45OSAyLjM2NyAwIDEuMTIuNTU5IDIuMTA4IDEuNDA5IDIuNzEzLS41MjQuNTg5LS44NTIgMS4zNTYtLjg1MiAyLjIwNCAwIDEuODM4IDEuNDk1IDMuMzMzIDMuMzMzIDMuMzMzaDUuNDg0YzEuMTcgMCAyLjI2OS0uNjI1IDIuODY3LTEuNjMyLjI0Ny0uNDE1LjExLS45NTItLjMwNS0xLjE5OS0uNDE2LS4yNDUtLjk1My0uMTEtMS4xOTkuMzA1LS4yODUuNDc5LS44MDguNzc2LTEuMzYzLjc3NmgtNS40ODRjLS44NzMgMC0xLjU4My0uNzEtMS41ODMtMS41ODNzLjcxLTEuNTgzIDEuNTgzLTEuNTgzaDYuNTA2YzEuMTcgMCAyLjI3LS42MjYgMi44NjctMS42MzMuMjQ3LS40MTYuMTEtLjk1My0uMzA1LTEuMTk5LS40MTktLjI1MS0uOTU0LS4xMS0xLjE5OS4zMDUtLjI4OS40ODctLjc5OS43NzctMS4zNjMuNzc3aC03LjA2M2MtLjg3MyAwLTEuNTgzLS43MTEtMS41ODMtMS41ODRzLjcxLTEuNTgzIDEuNTgzLTEuNTgzaDguMDkxYzEuMTcgMCAyLjI2OS0uNjI1IDIuODY3LTEuNjMyLjI0Ny0uNDE1LjExLS45NTItLjMwNS0xLjE5OS0uNDE3LS4yNDYtLjk1My0uMTEtMS4xOTkuMzA1LS4yODkuNDg2LS43OTkuNzc2LTEuMzYzLjc3NkgyMy4wMmMtLjg3MyAwLTEuNTgzLS43MS0xLjU4My0xLjU4M3MuNzA5LTEuNTg0IDEuNTgzLTEuNTg0eiIvPjwvc3ZnPg==\" alt=\"\" class=\"emoji-icon\" style=\"vertical-align: text-top;\">', '2022-09-21 18:22:00', '2022-09-21 18:22:00');
INSERT INTO `mg_comments` VALUES ('331ecdf4-9497-440b-8fdd-b1894bec2288', '2a714d62-8019-431e-bc49-7914092f34be', 'VUE：自定义组件的 v-model', '0', '1', 'Jake', 'https://joeschmoe.io/api/v1/male/jake', '', '', '', '213', '2022-10-20 22:45:18', '2022-10-20 22:45:18');
INSERT INTO `mg_comments` VALUES ('39dd5f3e-6ae7-4b9b-a1d7-c61e6d4fd5ac', '49bd5f91-a08a-4548-ae83-f5a66fadcab5', 'yarn超时', 'f12f4ad4-2c26-49f7-ab8d-b260d3cceeae', '1', '彭于晏', 'https://joeschmoe.io/api/v1/random', '1', '吴彦祖', 'https://marketplace.canva.cn/EAEsSrIavXA/2/0/1600w/canva-lqyXLROcj-k.jpg', '<img data-v-7c9572d1=\"\" width=\"20\" height=\"20\" src=\"data:image/svg+xml;base64,PHN2ZyB4bWxucz0iaHR0cDovL3d3dy53My5vcmcvMjAwMC9zdmciIHZpZXdCb3g9IjAgMCAzNiAzNiI+PHBhdGggZmlsbD0iI0ZGREM1RCIgZD0iTTMwIDIwLjE0NXMuMDk0LTIuMzYyLTEuNzkxLTMuMDY4Yy0xLjY2Ny0uNjI1LTIuMzA5LjYyMi0yLjMwOS42MjJzLjA1OS0xLjkxMy0xLjk0MS0yLjYyMmMtMS44ODUtLjY2Ny0yLjc1Ljk1OS0yLjc1Ljk1OXMtLjMwNy0xLjg3Mi0yLjI5Mi0yLjQxN0MxNy4yNDYgMTMuMTU5IDE2IDE0Ljc4NSAxNiAxNC43ODVWMi41NzZDMTYgMS42MTggMTUuNDU4LjAwMSAxMy40NTggMFMxMSAxLjY2IDExIDIuNTc2djIwLjVjMCAxLTEgMS0xIDBWMjAuNDFjMC0zLjc5Mi0yLjAzNy02LjE0Mi0yLjc1LTYuNzkyLS43MTMtLjY1LTEuNjY3LS45OC0yLjgyLS43MzQtMS45NTYuNDE2LTEuNTI5IDEuOTItLjk3NCAzLjE5NyAxLjMzNiAzLjA3OCAyLjI1MyA3LjQ2NCAyLjUzMyA5LjUzOC43OSA1Ljg1OCA1LjgwOCAxMC4zNzUgMTEuODgzIDEwLjM4MSA2LjYyNi4wMDQgMTIuMTIzLTUuMjk4IDEyLjEyOC0xMS45MjR2LTMuOTMxeiIvPjwvc3ZnPg==\" alt=\"\" class=\"emoji-icon\" style=\"vertical-align: text-top;\">', '2022-09-21 18:06:28', '2022-09-21 18:06:28');
INSERT INTO `mg_comments` VALUES ('3d59a68b-19e0-4d55-80f1-6ba4fd70bae2', '2a714d62-8019-431e-bc49-7914092f34be', 'VUE：自定义组件的 v-model', '473c7e11-0600-4b85-894f-c4400b1f5527', '1', 'Jean', 'https://joeschmoe.io/api/v1/male/jean', '1', 'Jake', 'https://joeschmoe.io/api/v1/male/jake', '22', '2022-10-22 15:22:18', '2022-10-22 15:22:18');
INSERT INTO `mg_comments` VALUES ('3ef0bc4c-9bdb-442e-8f2c-666795e9f7f8', '14b7e534-ef61-4907-a7dc-9349bb1a3481', 'vue自定义指令loading', '0', '1', '吴彦祖', 'https://marketplace.canva.cn/EAEsSrIavXA/2/0/1600w/canva-lqyXLROcj-k.jpg', '', '', '', '哈哈哈哈', '2022-07-26 10:46:00', '2022-07-26 10:46:00');
INSERT INTO `mg_comments` VALUES ('3f37993b-eb2b-4b38-b67c-7b7ac9d8fac9', '6b57b52a-2f63-49ca-aa13-c2edc7aae8ba', '防抖和节流', '853b30e6-8e6b-40f6-9a7e-321eae362daf', '1', '彭于晏', 'https://p3-search.byteimg.com/img/pgc-image/1264cf7847aa40d3bcea0de7051a12c1~cs_640x640.JPEG', '1', '吴彦祖', 'https://marketplace.canva.cn/EAEsSrIavXA/2/0/1600w/canva-lqyXLROcj-k.jpg', '大师傅士大夫', '2022-08-03 12:49:57', '2022-08-03 12:49:57');
INSERT INTO `mg_comments` VALUES ('44a51c25-6d90-42fe-b5e7-ff684f206120', '5e1ef819-0003-4621-a0e2-be1da6ae3695', 'uniapp微信小程序弹窗强制更新版本', '0', '1', 'Jake', 'https://joeschmoe.io/api/v1/male/jake', '', '', '', '123', '2022-10-20 23:44:02', '2022-10-20 23:44:02');
INSERT INTO `mg_comments` VALUES ('45beac17-83d5-4614-9d53-efb9ee66a9f2', '14b7e534-ef61-4907-a7dc-9349bb1a3481', 'vue自定义指令loading', '0', '1', '吴彦祖', 'https://marketplace.canva.cn/EAEsSrIavXA/2/0/1600w/canva-lqyXLROcj-k.jpg', '', '', '', '123', '2022-07-26 01:01:20', '2022-07-26 01:01:20');
INSERT INTO `mg_comments` VALUES ('470c5cc3-39dc-438d-a6ce-0f6164926689', '21b9f626-b6e3-4dab-9e04-f088e8d6df03', '测试的啊', '0', '1', '吴彦祖', 'https://marketplace.canva.cn/EAEsSrIavXA/2/0/1600w/canva-lqyXLROcj-k.jpg', '', '', '', 'vhfg', '2022-05-16 02:14:54', '2022-05-16 02:14:54');
INSERT INTO `mg_comments` VALUES ('473c7e11-0600-4b85-894f-c4400b1f5527', '2a714d62-8019-431e-bc49-7914092f34be', 'VUE：自定义组件的 v-model', '0', '1', 'Jake', 'https://joeschmoe.io/api/v1/male/jake', '', '', '', '11', '2022-10-22 15:21:48', '2022-10-22 15:21:48');
INSERT INTO `mg_comments` VALUES ('4751a149-cb40-492c-a4e0-904fc728a545', '1c42d541-ed6f-447b-998e-ade64ba10eeb', 'navicat建立数据库 运行sql文件 加载数据表', '0', '1', '吴彦祖', 'https://marketplace.canva.cn/EAEsSrIavXA/2/0/1600w/canva-lqyXLROcj-k.jpg', '', '', '', '123', '2022-05-10 08:56:17', '2022-05-10 08:56:17');
INSERT INTO `mg_comments` VALUES ('4cd422dd-deae-4d44-ad29-c20624f7eea7', '6b57b52a-2f63-49ca-aa13-c2edc7aae8ba', '防抖和节流', '853b30e6-8e6b-40f6-9a7e-321eae362daf', '1', '彭于晏', 'https://p3-search.byteimg.com/img/pgc-image/1264cf7847aa40d3bcea0de7051a12c1~cs_640x640.JPEG', '1', '彭于晏', 'https://p3-search.byteimg.com/img/pgc-image/1264cf7847aa40d3bcea0de7051a12c1~cs_640x640.JPEG', '进阶卷', '2022-08-03 12:50:09', '2022-08-03 12:50:09');
INSERT INTO `mg_comments` VALUES ('4daf923c-a418-47bc-95a7-77756294089f', '14b7e534-ef61-4907-a7dc-9349bb1a3481', 'vue自定义指令loading', '0', '1', '吴彦祖', 'https://marketplace.canva.cn/EAEsSrIavXA/2/0/1600w/canva-lqyXLROcj-k.jpg', '', '', '', '能看见我吗<div><br></div>', '2022-06-16 20:10:07', '2022-06-16 20:10:07');
INSERT INTO `mg_comments` VALUES ('50031396-f7a2-4038-87b3-0ed7d263a4ac', '6b57b52a-2f63-49ca-aa13-c2edc7aae8ba', '防抖和节流', '04c1711c-2a3a-42f0-9b51-f04949687730', '1', '彭于晏', 'https://p3-search.byteimg.com/img/pgc-image/1264cf7847aa40d3bcea0de7051a12c1~cs_640x640.JPEG', '1', '吴彦祖', 'https://marketplace.canva.cn/EAEsSrIavXA/2/0/1600w/canva-lqyXLROcj-k.jpg', '666', '2022-07-06 16:00:43', '2022-07-06 16:00:43');
INSERT INTO `mg_comments` VALUES ('50b1a7df-2355-47f7-867f-1dc79a27e48d', '14b7e534-ef61-4907-a7dc-9349bb1a3481', 'vue自定义指令loading', '0', '1', '吴彦祖', 'https://marketplace.canva.cn/EAEsSrIavXA/2/0/1600w/canva-lqyXLROcj-k.jpg', '', '', '', '<img data-v-7c9572d1=\"\" width=\"20\" height=\"20\" src=\"data:image/svg+xml;base64,PHN2ZyB4bWxucz0iaHR0cDovL3d3dy53My5vcmcvMjAwMC9zdmciIHZpZXdCb3g9IjAgMCAzNiAzNiI+PHBhdGggZmlsbD0iI0ZGQ0M0RCIgZD0iTTM2IDE4YzAgOS45NDEtOC4wNTkgMTgtMTggMTgtOS45NCAwLTE4LTguMDU5LTE4LTE4QzAgOC4wNiA4LjA2IDAgMTggMGM5Ljk0MSAwIDE4IDguMDYgMTggMTgiLz48cGF0aCBmaWxsPSIjNjY0NTAwIiBkPSJNMjguNDU3IDE3Ljc5N2MtLjA2LS4xMzUtMS40OTktMy4yOTctNC40NTctMy4yOTctMi45NTcgMC00LjM5NyAzLjE2Mi00LjQ1NyAzLjI5Ny0uMDkyLjIwNy0uMDMyLjQ0OS4xNDUuNTkxLjE3NS4xNDIuNDI2LjE0Ny42MS4wMTQuMDEyLS4wMDkgMS4yNjItLjkwMiAzLjcwMi0uOTAyIDIuNDI2IDAgMy42NzQuODgxIDMuNzAyLjkwMS4wODguMDY2LjE5NC4wOTkuMjk4LjA5OS4xMSAwIC4yMjEtLjAzNy4zMTItLjEwOS4xNzctLjE0Mi4yMzgtLjM4Ni4xNDUtLjU5NHptLTEyIDBjLS4wNi0uMTM1LTEuNDk5LTMuMjk3LTQuNDU3LTMuMjk3LTIuOTU3IDAtNC4zOTcgMy4xNjItNC40NTcgMy4yOTctLjA5Mi4yMDctLjAzMi40NDkuMTQ0LjU5MS4xNzYuMTQyLjQyNy4xNDcuNjEuMDE0LjAxMy0uMDA5IDEuMjYyLS45MDIgMy43MDMtLjkwMiAyLjQyNiAwIDMuNjc0Ljg4MSAzLjcwMi45MDEuMDg4LjA2Ni4xOTQuMDk5LjI5OC4wOTkuMTEgMCAuMjIxLS4wMzcuMzEyLS4xMDkuMTc4LS4xNDIuMjM3LS4zODYuMTQ1LS41OTR6TTE4IDIyYy0zLjYyMyAwLTYuMDI3LS40MjItOS0xLS42NzktLjEzMS0yIDAtMiAyIDAgNCA0LjU5NSA5IDExIDkgNi40MDQgMCAxMS01IDExLTkgMC0yLTEuMzIxLTIuMTMyLTItMi0yLjk3My41NzgtNS4zNzcgMS05IDF6Ii8+PHBhdGggZmlsbD0iI0ZGRiIgZD0iTTkgMjNzMyAxIDkgMSA5LTEgOS0xLTIgNC05IDQtOS00LTktNHoiLz48L3N2Zz4=\" alt=\"\" class=\"emoji-icon\" style=\"vertical-align: text-top;\">', '2022-05-27 11:48:08', '2022-05-27 11:48:08');
INSERT INTO `mg_comments` VALUES ('51d8dd7f-fa8a-4bc2-93da-134db889853f', '14b7e534-ef61-4907-a7dc-9349bb1a3481', 'vue自定义指令loading', '0', '1', '吴彦祖', 'https://marketplace.canva.cn/EAEsSrIavXA/2/0/1600w/canva-lqyXLROcj-k.jpg', '', '', '', '000', '2022-06-10 18:19:28', '2022-06-10 18:19:28');
INSERT INTO `mg_comments` VALUES ('5d1f1065-8e5e-4f20-afc4-1d1efbdf7b4c', '0694183b-538c-4680-9822-399b07fd143f', '关于本项目Tinymce报错', '0', '1', 'Jake', 'https://joeschmoe.io/api/v1/male/jake', '', '', '', '有用 谢谢', '2022-10-18 14:29:58', '2022-10-18 14:29:58');
INSERT INTO `mg_comments` VALUES ('5d94820a-09af-410a-ae3a-2c54a29e4f3e', '21b9f626-b6e3-4dab-9e04-f088e8d6df03', '测试的啊', '66939a2a-216e-4079-a196-bf00e3dee879', '1', '彭于晏', 'https://p3-search.byteimg.com/img/pgc-image/1264cf7847aa40d3bcea0de7051a12c1~cs_640x640.JPEG', '1', '彭于晏', 'https://p3-search.byteimg.com/img/pgc-image/1264cf7847aa40d3bcea0de7051a12c1~cs_640x640.JPEG', 'asdf1', '2022-05-22 14:45:16', '2022-05-22 14:45:16');
INSERT INTO `mg_comments` VALUES ('5ee1fa11-f0d2-42f4-a637-ee78f0d4f085', '9ebe1246-c190-41b8-8392-e16cf810f248', 'Markdown编辑文字排版', '0', '1', 'Jake', 'https://joeschmoe.io/api/v1/male/jake', '', '', '', '<img data-v-7c9572d1=\"\" width=\"20\" height=\"20\" src=\"data:image/svg+xml;base64,PHN2ZyB4bWxucz0iaHR0cDovL3d3dy53My5vcmcvMjAwMC9zdmciIHZpZXdCb3g9IjAgMCAzNiAzNiI+PHBhdGggZmlsbD0iI0ZGREI1RSIgZD0iTTM0Ljk1NiAxNy45MTZjMC0uNTAzLS4xMi0uOTc1LS4zMjEtMS40MDQtMS4zNDEtNC4zMjYtNy42MTktNC4wMS0xNi41NDktNC4yMjEtMS40OTMtLjAzNS0uNjM5LTEuNzk4LS4xMTUtNS42NjguMzQxLTIuNTE3LTEuMjgyLTYuMzgyLTQuMDEtNi4zODItNC40OTggMC0uMTcxIDMuNTQ4LTQuMTQ4IDEyLjMyMi0yLjEyNSA0LjY4OC02Ljg3NSAyLjA2Mi02Ljg3NSA2Ljc3MXYxMC43MTljMCAxLjgzMy4xOCAzLjU5NSAyLjc1OCAzLjg4NUM4LjE5NSAzNC4yMTkgNy42MzMgMzYgMTEuMjM4IDM2aDE4LjA0NGMxLjgzOCAwIDMuMzMzLTEuNDk2IDMuMzMzLTMuMzM0IDAtLjc2Mi0uMjY3LTEuNDU2LS42OTgtMi4wMTggMS4wMi0uNTcxIDEuNzItMS42NDkgMS43Mi0yLjg5OSAwLS43Ni0uMjY2LTEuNDU0LS42OTYtMi4wMTUgMS4wMjMtLjU3IDEuNzI1LTEuNjQ5IDEuNzI1LTIuOTAxIDAtLjkwOS0uMzY4LTEuNzMzLS45NjEtMi4zMzYuNzU3LS42MTEgMS4yNTEtMS41MzUgMS4yNTEtMi41ODF6Ii8+PHBhdGggZmlsbD0iI0VFOTU0NyIgZD0iTTIzLjAyIDIxLjI0OWg4LjYwNGMxLjE3IDAgMi4yNjgtLjYyNiAyLjg2Ni0xLjYzMy4yNDYtLjQxNS4xMDktLjk1Mi0uMzA3LTEuMTk5LS40MTUtLjI0Ny0uOTUyLS4xMDgtMS4xOTkuMzA3LS4yODMuNDc5LS44MDYuNzc1LTEuMzYxLjc3NWgtOC44MWMtLjg3MyAwLTEuNTgzLS43MS0xLjU4My0xLjU4M3MuNzEtMS41ODMgMS41ODMtMS41ODNIMjguN2MuNDgzIDAgLjg3NS0uMzkyLjg3NS0uODc1cy0uMzkyLS44NzUtLjg3NS0uODc1aC01Ljg4OGMtMS44MzggMC0zLjMzMyAxLjQ5NS0zLjMzMyAzLjMzMyAwIDEuMDI1LjQ3NSAxLjkzMiAxLjIwNSAyLjU0NC0uNjE1LjYwNS0uOTk4IDEuNDQ1LS45OTggMi4zNzMgMCAxLjAyOC40NzggMS45MzggMS4yMTIgMi41NDktLjYxMS42MDQtLjk5IDEuNDQxLS45OSAyLjM2NyAwIDEuMTIuNTU5IDIuMTA4IDEuNDA5IDIuNzEzLS41MjQuNTg5LS44NTIgMS4zNTYtLjg1MiAyLjIwNCAwIDEuODM4IDEuNDk1IDMuMzMzIDMuMzMzIDMuMzMzaDUuNDg0YzEuMTcgMCAyLjI2OS0uNjI1IDIuODY3LTEuNjMyLjI0Ny0uNDE1LjExLS45NTItLjMwNS0xLjE5OS0uNDE2LS4yNDUtLjk1My0uMTEtMS4xOTkuMzA1LS4yODUuNDc5LS44MDguNzc2LTEuMzYzLjc3NmgtNS40ODRjLS44NzMgMC0xLjU4My0uNzEtMS41ODMtMS41ODNzLjcxLTEuNTgzIDEuNTgzLTEuNTgzaDYuNTA2YzEuMTcgMCAyLjI3LS42MjYgMi44NjctMS42MzMuMjQ3LS40MTYuMTEtLjk1My0uMzA1LTEuMTk5LS40MTktLjI1MS0uOTU0LS4xMS0xLjE5OS4zMDUtLjI4OS40ODctLjc5OS43NzctMS4zNjMuNzc3aC03LjA2M2MtLjg3MyAwLTEuNTgzLS43MTEtMS41ODMtMS41ODRzLjcxLTEuNTgzIDEuNTgzLTEuNTgzaDguMDkxYzEuMTcgMCAyLjI2OS0uNjI1IDIuODY3LTEuNjMyLjI0Ny0uNDE1LjExLS45NTItLjMwNS0xLjE5OS0uNDE3LS4yNDYtLjk1My0uMTEtMS4xOTkuMzA1LS4yODkuNDg2LS43OTkuNzc2LTEuMzYzLjc3NkgyMy4wMmMtLjg3MyAwLTEuNTgzLS43MS0xLjU4My0xLjU4M3MuNzA5LTEuNTg0IDEuNTgzLTEuNTg0eiIvPjwvc3ZnPg==\" alt=\"\" class=\"emoji-icon\" style=\"vertical-align: text-top;\">', '2022-10-19 23:58:18', '2022-10-19 23:58:18');
INSERT INTO `mg_comments` VALUES ('614448c0-b753-4cc2-ba42-fe5839440dad', '2a714d62-8019-431e-bc49-7914092f34be', 'VUE：自定义组件的 v-model', '473c7e11-0600-4b85-894f-c4400b1f5527', '1', 'Jean', 'https://joeschmoe.io/api/v1/male/jean', '1', 'Jake', 'https://joeschmoe.io/api/v1/male/jake', '111', '2022-10-22 15:22:06', '2022-10-22 15:22:06');
INSERT INTO `mg_comments` VALUES ('61a7844f-9ba6-43ac-9d07-8d1e2a3ecc3c', '49bd5f91-a08a-4548-ae83-f5a66fadcab5', 'yarn超时', 'eacc2b3f-7579-4265-8396-f4be748848af', '1', '彭于晏', 'https://joeschmoe.io/api/v1/random', '1', '吴彦祖', 'https://marketplace.canva.cn/EAEsSrIavXA/2/0/1600w/canva-lqyXLROcj-k.jpg', '<img data-v-7c9572d1=\"\" width=\"20\" height=\"20\" src=\"data:image/svg+xml;base64,PHN2ZyB4bWxucz0iaHR0cDovL3d3dy53My5vcmcvMjAwMC9zdmciIHZpZXdCb3g9IjAgMCAzNiAzNiI+PHBhdGggZmlsbD0iI0ZGREI1RSIgZD0iTTM0Ljk1NiAxNy45MTZjMC0uNTAzLS4xMi0uOTc1LS4zMjEtMS40MDQtMS4zNDEtNC4zMjYtNy42MTktNC4wMS0xNi41NDktNC4yMjEtMS40OTMtLjAzNS0uNjM5LTEuNzk4LS4xMTUtNS42NjguMzQxLTIuNTE3LTEuMjgyLTYuMzgyLTQuMDEtNi4zODItNC40OTggMC0uMTcxIDMuNTQ4LTQuMTQ4IDEyLjMyMi0yLjEyNSA0LjY4OC02Ljg3NSAyLjA2Mi02Ljg3NSA2Ljc3MXYxMC43MTljMCAxLjgzMy4xOCAzLjU5NSAyLjc1OCAzLjg4NUM4LjE5NSAzNC4yMTkgNy42MzMgMzYgMTEuMjM4IDM2aDE4LjA0NGMxLjgzOCAwIDMuMzMzLTEuNDk2IDMuMzMzLTMuMzM0IDAtLjc2Mi0uMjY3LTEuNDU2LS42OTgtMi4wMTggMS4wMi0uNTcxIDEuNzItMS42NDkgMS43Mi0yLjg5OSAwLS43Ni0uMjY2LTEuNDU0LS42OTYtMi4wMTUgMS4wMjMtLjU3IDEuNzI1LTEuNjQ5IDEuNzI1LTIuOTAxIDAtLjkwOS0uMzY4LTEuNzMzLS45NjEtMi4zMzYuNzU3LS42MTEgMS4yNTEtMS41MzUgMS4yNTEtMi41ODF6Ii8+PHBhdGggZmlsbD0iI0VFOTU0NyIgZD0iTTIzLjAyIDIxLjI0OWg4LjYwNGMxLjE3IDAgMi4yNjgtLjYyNiAyLjg2Ni0xLjYzMy4yNDYtLjQxNS4xMDktLjk1Mi0uMzA3LTEuMTk5LS40MTUtLjI0Ny0uOTUyLS4xMDgtMS4xOTkuMzA3LS4yODMuNDc5LS44MDYuNzc1LTEuMzYxLjc3NWgtOC44MWMtLjg3MyAwLTEuNTgzLS43MS0xLjU4My0xLjU4M3MuNzEtMS41ODMgMS41ODMtMS41ODNIMjguN2MuNDgzIDAgLjg3NS0uMzkyLjg3NS0uODc1cy0uMzkyLS44NzUtLjg3NS0uODc1aC01Ljg4OGMtMS44MzggMC0zLjMzMyAxLjQ5NS0zLjMzMyAzLjMzMyAwIDEuMDI1LjQ3NSAxLjkzMiAxLjIwNSAyLjU0NC0uNjE1LjYwNS0uOTk4IDEuNDQ1LS45OTggMi4zNzMgMCAxLjAyOC40NzggMS45MzggMS4yMTIgMi41NDktLjYxMS42MDQtLjk5IDEuNDQxLS45OSAyLjM2NyAwIDEuMTIuNTU5IDIuMTA4IDEuNDA5IDIuNzEzLS41MjQuNTg5LS44NTIgMS4zNTYtLjg1MiAyLjIwNCAwIDEuODM4IDEuNDk1IDMuMzMzIDMuMzMzIDMuMzMzaDUuNDg0YzEuMTcgMCAyLjI2OS0uNjI1IDIuODY3LTEuNjMyLjI0Ny0uNDE1LjExLS45NTItLjMwNS0xLjE5OS0uNDE2LS4yNDUtLjk1My0uMTEtMS4xOTkuMzA1LS4yODUuNDc5LS44MDguNzc2LTEuMzYzLjc3NmgtNS40ODRjLS44NzMgMC0xLjU4My0uNzEtMS41ODMtMS41ODNzLjcxLTEuNTgzIDEuNTgzLTEuNTgzaDYuNTA2YzEuMTcgMCAyLjI3LS42MjYgMi44NjctMS42MzMuMjQ3LS40MTYuMTEtLjk1My0uMzA1LTEuMTk5LS40MTktLjI1MS0uOTU0LS4xMS0xLjE5OS4zMDUtLjI4OS40ODctLjc5OS43NzctMS4zNjMuNzc3aC03LjA2M2MtLjg3MyAwLTEuNTgzLS43MTEtMS41ODMtMS41ODRzLjcxLTEuNTgzIDEuNTgzLTEuNTgzaDguMDkxYzEuMTcgMCAyLjI2OS0uNjI1IDIuODY3LTEuNjMyLjI0Ny0uNDE1LjExLS45NTItLjMwNS0xLjE5OS0uNDE3LS4yNDYtLjk1My0uMTEtMS4xOTkuMzA1LS4yODkuNDg2LS43OTkuNzc2LTEuMzYzLjc3NkgyMy4wMmMtLjg3MyAwLTEuNTgzLS43MS0xLjU4My0xLjU4M3MuNzA5LTEuNTg0IDEuNTgzLTEuNTg0eiIvPjwvc3ZnPg==\" alt=\"\" class=\"emoji-icon\" style=\"vertical-align: text-top;\">', '2022-09-21 18:06:51', '2022-09-21 18:06:51');
INSERT INTO `mg_comments` VALUES ('61cc9e28-283f-4ec1-9cd5-bcbe7e7c3e73', '21b9f626-b6e3-4dab-9e04-f088e8d6df03', '测试的啊', '0', '1', '吴彦祖', 'https://marketplace.canva.cn/EAEsSrIavXA/2/0/1600w/canva-lqyXLROcj-k.jpg', '', '', '', '222', '2022-05-16 14:08:14', '2022-05-16 14:08:14');
INSERT INTO `mg_comments` VALUES ('6321b4c8-103b-4133-8902-362bbe4312c5', '2a714d62-8019-431e-bc49-7914092f34be', 'VUE：自定义组件的 v-model', 'fb9956b8-fc3c-4396-8574-f6287fa1c965', '1', '彭于晏', 'https://ci.xiaohongshu.com/9c287080-630d-33ad-a988-76a8cf21e152?imageView2/2/w/540/format/jpg', '1', '吴彦祖', 'https://encrypted-tbn0.gstatic.com/images?q=tbn:ANd9GcRXSYITOSgSQdTv0Z_Z0KkvwWsBMwadCA2PRA&usqp=CAU', '456', '2022-09-16 14:11:02', '2022-09-16 14:11:02');
INSERT INTO `mg_comments` VALUES ('66638bd2-2230-4637-a7d1-6855fc50ea65', 'f80d786a-b735-42be-abdf-532d93097c17', '周兴哲 - 永不失联的爱', '0', '1', '吴彦祖', 'https://marketplace.canva.cn/EAEsSrIavXA/2/0/1600w/canva-lqyXLROcj-k.jpg', '', '', '', '<img data-v-7c9572d1=\"\" width=\"20\" height=\"20\" src=\"data:image/svg+xml;base64,PHN2ZyB4bWxucz0iaHR0cDovL3d3dy53My5vcmcvMjAwMC9zdmciIHZpZXdCb3g9IjAgMCAzNiAzNiI+PHBhdGggZmlsbD0iI0VGOTY0NSIgZD0iTTMyLjMwMiAyNC4zNDdjLS42OTUtMS4wMS0uMzA3LTIuNDctLjQ4LTQuMDgyLS4xNzgtMi42My0xLjMwOC01LjE3OC0zLjUtNy4yMTZsLTcuNDY2LTYuOTQycy0xLjQ3MS0xLjM2OS0yLjg0MS4xMDNjLTEuMzY4IDEuNDcxLjEwNCAyLjg0LjEwNCAyLjg0bDMuMTU0IDIuOTM0IDIuNzM0IDIuNTQycy0uNjg1LjczNi0zLjcxMS0yLjA3OGwtMTAuMjItOS41MDZzLTEuNDczLTEuMzY4LTIuODQyLjEwNGMtMS4zNjggMS40NzEuMTAzIDIuODQuMTAzIDIuODRsOS42NjQgOC45ODljLS4wMjEtLjAyLS43MzEuNjkyLS43NDQuNjhMNS45MTcgNS45MzhzLTEuNDcyLTEuMzY5LTIuODQxLjEwM2MtMS4zNjkgMS40NzIuMTAzIDIuODQuMTAzIDIuODRMMTMuNTIgMTguNWMuMDEyLjAxMi0uNjU0Ljc2NC0uNjM0Ljc4M2wtOC45Mi04LjI5OHMtMS40NzItMS4zNjktMi44NDEuMTAzYy0xLjM2OSAxLjQ3Mi4xMDMgMi44NDEuMTAzIDIuODQxbDkuNDg0IDguODJjLjA4Ny4wODEtLjUuOTA4LS4zOTEgMS4wMDlsLTYuODM0LTYuMzU2cy0xLjQ3Mi0xLjM2OS0yLjg0MS4xMDRjLTEuMzY5IDEuNDcyLjEwMyAyLjg0MS4xMDMgMi44NDFMMTEuODk2IDMwLjcxYzEuODYxIDEuNzMxIDMuNzcyIDIuNjA3IDYuMDc2IDIuOTI4LjQ2OS4wNjUgMS4wNjkuMDY1IDEuMzE1LjA5Ni43NzcuMDk4IDEuNDU5LjM3NCAyLjM3Mi45MzQgMS4xNzUuNzIgMi45MzggMS4wMiAzLjk1MS0uMDYzbDMuNDU0LTMuNjk1IDMuMTg5LTMuNDEyYzEuMDEyLTEuMDgyLjgzMS0yLjAxNi4wNDktMy4xNTF6Ii8+PHBhdGggZD0iTTEuOTU2IDM1LjAyNmMtLjI1NiAwLS41MTItLjA5OC0uNzA3LS4yOTMtLjM5MS0uMzkxLS4zOTEtMS4wMjMgMC0xLjQxNEw0LjggMjkuNzdjLjM5MS0uMzkxIDEuMDIzLS4zOTEgMS40MTQgMHMuMzkxIDEuMDIzIDAgMS40MTRsLTMuNTUxIDMuNTVjLS4xOTUuMTk1LS40NTEuMjkyLS43MDcuMjkyem02Ljc0Ni45MjJjLS4xMDkgMC0uMjIxLS4wMTgtLjMzMS0uMDU2LS41MjEtLjE4Mi0uNzk2LS43NTItLjYxMy0xLjI3NGwuOTcxLTIuNzczYy4xODItLjUyMS43NTMtLjc5NSAxLjI3NC0uNjE0LjUyMS4xODMuNzk2Ljc1My42MTMgMS4yNzRsLS45NzEgMi43NzNjLS4xNDQuNDEyLS41My42Ny0uOTQzLjY3em0tNy42NjctNy42NjdjLS40MTIgMC0uNzk4LS4yNTctLjk0My0uNjY3LS4xODQtLjUyMS4wODktMS4wOTIuNjEtMS4yNzZsMi40OTUtLjg4MWMuNTIzLS4xOCAxLjA5Mi4wOTEgMS4yNzYuNjEuMTg0LjUyMS0uMDg5IDEuMDkyLS42MSAxLjI3NmwtMi40OTUuODgxYy0uMTExLjAzOS0uMjIzLjA1Ny0uMzMzLjA1N3ptMjkuNDYtMjEuNzY3Yy0uMjU2IDAtLjUxMi0uMDk4LS43MDctLjI5My0uMzkxLS4zOTEtLjM5MS0xLjAyNCAwLTEuNDE1bDMuNTUyLTMuNTVjLjM5MS0uMzkgMS4wMjMtLjM5IDEuNDE0IDBzLjM5MSAxLjAyNCAwIDEuNDE1bC0zLjU1MiAzLjU1Yy0uMTk1LjE5Ni0uNDUxLjI5My0uNzA3LjI5M3ptLTQuMTY0LTEuNjk3Yy0uMTA5IDAtLjIyMS0uMDE5LS4zMy0uMDU3LS41MjEtLjE4Mi0uNzk2LS43NTItLjYxNC0xLjI3NGwuOTctMi43NzNjLjE4My0uNTIxLjc1Mi0uNzk2IDEuMjc0LS42MTQuNTIxLjE4Mi43OTYuNzUyLjYxNCAxLjI3NGwtLjk3IDIuNzczYy0uMTQ0LjQxMy0uNTMxLjY3MS0uOTQ0LjY3MXptNi4xNDMgNS43NzRjLS40MTIgMC0uNzk4LS4yNTctLjk0My0uNjY3LS4xODQtLjUyMS4wOS0xLjA5Mi42MS0xLjI3NmwyLjQ5NC0uODgxYy41MjItLjE4NSAxLjA5Mi4wOSAxLjI3Ni42MS4xODQuNTIxLS4wOSAxLjA5Mi0uNjEgMS4yNzZsLTIuNDk0Ljg4MWMtLjExMS4wMzktLjIyMy4wNTctLjMzMy4wNTd6IiBmaWxsPSIjRkE3NDNFIi8+PHBhdGggZmlsbD0iI0ZGREI1RSIgZD0iTTM1LjM5IDIzLjgyMmMtLjY2MS0xLjAzMi0uMjI0LTIuNDc5LS4zNDItNC4wOTYtLjA5LTIuNjM0LTEuMTMzLTUuMjE5LTMuMjU1LTcuMzNsLTcuMjI4LTcuMTg5cy0xLjQyNC0xLjQxNy0yLjg0My4wMDhjLTEuNDE3IDEuNDI0LjAwOCAyLjg0Mi4wMDggMi44NDJsMy4wNTQgMy4wMzkgMi42NDYgMi42MzJzLS43MS43MTItMy42MzktMi4yMDJjLTIuOTMxLTIuOTE1LTkuODk0LTkuODQ1LTkuODk0LTkuODQ1cy0xLjQyNS0xLjQxNy0yLjg0My4wMDhjLTEuNDE4IDEuNDI0LjAwNyAyLjg0MS4wMDcgMi44NDFsOS4zNTYgOS4zMWMtLjAyLS4wMi0uNzU0LjY2Ny0uNzY3LjY1NEw5LjY0IDQuNTM0cy0xLjQyNS0xLjQxOC0yLjg0My4wMDdjLTEuNDE3IDEuNDI1LjAwNyAyLjg0Mi4wMDcgMi44NDJsMTAuMDExIDkuOTYyYy4wMTIuMDEyLS42OC43NDEtLjY2Ljc2MUw3LjUyIDkuNTEzcy0xLjQyNS0xLjQxNy0yLjg0My4wMDguMDA3IDIuODQzLjAwNyAyLjg0M2w5LjE4MSA5LjEzNWMuMDg0LjA4My0uNTMuODkxLS40MjUuOTk2bC02LjYxNi02LjU4M3MtMS40MjUtMS40MTctMi44NDMuMDA4LjAwNyAyLjg0My4wMDcgMi44NDNsMTAuNzkgMTAuNzMyYzEuODAyIDEuNzkzIDMuNjgyIDIuNzMyIDUuOTc0IDMuMTMxLjQ2Ny4wODEgMS4wNjcuMTAxIDEuMzExLjE0Ljc3My4xMjQgMS40NDUuNDIzIDIuMzQgMS4wMTQgMS4xNS43NTkgMi45MDIgMS4xMTggMy45NTEuMDdsMy41NzctMy41NzYgMy4zMDItMy4zMDJjMS4wNDktMS4wNS45LTEuOTkuMTU3LTMuMTV6Ii8+PC9zdmc+\" alt=\"\" class=\"emoji-icon\" style=\"vertical-align: text-top;\"><img data-v-7c9572d1=\"\" width=\"20\" height=\"20\" src=\"data:image/svg+xml;base64,PHN2ZyB4bWxucz0iaHR0cDovL3d3dy53My5vcmcvMjAwMC9zdmciIHZpZXdCb3g9IjAgMCAzNiAzNiI+PHBhdGggZmlsbD0iI0VGOTY0NSIgZD0iTTMyLjMwMiAyNC4zNDdjLS42OTUtMS4wMS0uMzA3LTIuNDctLjQ4LTQuMDgyLS4xNzgtMi42My0xLjMwOC01LjE3OC0zLjUtNy4yMTZsLTcuNDY2LTYuOTQycy0xLjQ3MS0xLjM2OS0yLjg0MS4xMDNjLTEuMzY4IDEuNDcxLjEwNCAyLjg0LjEwNCAyLjg0bDMuMTU0IDIuOTM0IDIuNzM0IDIuNTQycy0uNjg1LjczNi0zLjcxMS0yLjA3OGwtMTAuMjItOS41MDZzLTEuNDczLTEuMzY4LTIuODQyLjEwNGMtMS4zNjggMS40NzEuMTAzIDIuODQuMTAzIDIuODRsOS42NjQgOC45ODljLS4wMjEtLjAyLS43MzEuNjkyLS43NDQuNjhMNS45MTcgNS45MzhzLTEuNDcyLTEuMzY5LTIuODQxLjEwM2MtMS4zNjkgMS40NzIuMTAzIDIuODQuMTAzIDIuODRMMTMuNTIgMTguNWMuMDEyLjAxMi0uNjU0Ljc2NC0uNjM0Ljc4M2wtOC45Mi04LjI5OHMtMS40NzItMS4zNjktMi44NDEuMTAzYy0xLjM2OSAxLjQ3Mi4xMDMgMi44NDEuMTAzIDIuODQxbDkuNDg0IDguODJjLjA4Ny4wODEtLjUuOTA4LS4zOTEgMS4wMDlsLTYuODM0LTYuMzU2cy0xLjQ3Mi0xLjM2OS0yLjg0MS4xMDRjLTEuMzY5IDEuNDcyLjEwMyAyLjg0MS4xMDMgMi44NDFMMTEuODk2IDMwLjcxYzEuODYxIDEuNzMxIDMuNzcyIDIuNjA3IDYuMDc2IDIuOTI4LjQ2OS4wNjUgMS4wNjkuMDY1IDEuMzE1LjA5Ni43NzcuMDk4IDEuNDU5LjM3NCAyLjM3Mi45MzQgMS4xNzUuNzIgMi45MzggMS4wMiAzLjk1MS0uMDYzbDMuNDU0LTMuNjk1IDMuMTg5LTMuNDEyYzEuMDEyLTEuMDgyLjgzMS0yLjAxNi4wNDktMy4xNTF6Ii8+PHBhdGggZD0iTTEuOTU2IDM1LjAyNmMtLjI1NiAwLS41MTItLjA5OC0uNzA3LS4yOTMtLjM5MS0uMzkxLS4zOTEtMS4wMjMgMC0xLjQxNEw0LjggMjkuNzdjLjM5MS0uMzkxIDEuMDIzLS4zOTEgMS40MTQgMHMuMzkxIDEuMDIzIDAgMS40MTRsLTMuNTUxIDMuNTVjLS4xOTUuMTk1LS40NTEuMjkyLS43MDcuMjkyem02Ljc0Ni45MjJjLS4xMDkgMC0uMjIxLS4wMTgtLjMzMS0uMDU2LS41MjEtLjE4Mi0uNzk2LS43NTItLjYxMy0xLjI3NGwuOTcxLTIuNzczYy4xODItLjUyMS43NTMtLjc5NSAxLjI3NC0uNjE0LjUyMS4xODMuNzk2Ljc1My42MTMgMS4yNzRsLS45NzEgMi43NzNjLS4xNDQuNDEyLS41My42Ny0uOTQzLjY3em0tNy42NjctNy42NjdjLS40MTIgMC0uNzk4LS4yNTctLjk0My0uNjY3LS4xODQtLjUyMS4wODktMS4wOTIuNjEtMS4yNzZsMi40OTUtLjg4MWMuNTIzLS4xOCAxLjA5Mi4wOTEgMS4yNzYuNjEuMTg0LjUyMS0uMDg5IDEuMDkyLS42MSAxLjI3NmwtMi40OTUuODgxYy0uMTExLjAzOS0uMjIzLjA1Ny0uMzMzLjA1N3ptMjkuNDYtMjEuNzY3Yy0uMjU2IDAtLjUxMi0uMDk4LS43MDctLjI5My0uMzkxLS4zOTEtLjM5MS0xLjAyNCAwLTEuNDE1bDMuNTUyLTMuNTVjLjM5MS0uMzkgMS4wMjMtLjM5IDEuNDE0IDBzLjM5MSAxLjAyNCAwIDEuNDE1bC0zLjU1MiAzLjU1Yy0uMTk1LjE5Ni0uNDUxLjI5My0uNzA3LjI5M3ptLTQuMTY0LTEuNjk3Yy0uMTA5IDAtLjIyMS0uMDE5LS4zMy0uMDU3LS41MjEtLjE4Mi0uNzk2LS43NTItLjYxNC0xLjI3NGwuOTctMi43NzNjLjE4My0uNTIxLjc1Mi0uNzk2IDEuMjc0LS42MTQuNTIxLjE4Mi43OTYuNzUyLjYxNCAxLjI3NGwtLjk3IDIuNzczYy0uMTQ0LjQxMy0uNTMxLjY3MS0uOTQ0LjY3MXptNi4xNDMgNS43NzRjLS40MTIgMC0uNzk4LS4yNTctLjk0My0uNjY3LS4xODQtLjUyMS4wOS0xLjA5Mi42MS0xLjI3NmwyLjQ5NC0uODgxYy41MjItLjE4NSAxLjA5Mi4wOSAxLjI3Ni42MS4xODQuNTIxLS4wOSAxLjA5Mi0uNjEgMS4yNzZsLTIuNDk0Ljg4MWMtLjExMS4wMzktLjIyMy4wNTctLjMzMy4wNTd6IiBmaWxsPSIjRkE3NDNFIi8+PHBhdGggZmlsbD0iI0ZGREI1RSIgZD0iTTM1LjM5IDIzLjgyMmMtLjY2MS0xLjAzMi0uMjI0LTIuNDc5LS4zNDItNC4wOTYtLjA5LTIuNjM0LTEuMTMzLTUuMjE5LTMuMjU1LTcuMzNsLTcuMjI4LTcuMTg5cy0xLjQyNC0xLjQxNy0yLjg0My4wMDhjLTEuNDE3IDEuNDI0LjAwOCAyLjg0Mi4wMDggMi44NDJsMy4wNTQgMy4wMzkgMi42NDYgMi42MzJzLS43MS43MTItMy42MzktMi4yMDJjLTIuOTMxLTIuOTE1LTkuODk0LTkuODQ1LTkuODk0LTkuODQ1cy0xLjQyNS0xLjQxNy0yLjg0My4wMDhjLTEuNDE4IDEuNDI0LjAwNyAyLjg0MS4wMDcgMi44NDFsOS4zNTYgOS4zMWMtLjAyLS4wMi0uNzU0LjY2Ny0uNzY3LjY1NEw5LjY0IDQuNTM0cy0xLjQyNS0xLjQxOC0yLjg0My4wMDdjLTEuNDE3IDEuNDI1LjAwNyAyLjg0Mi4wMDcgMi44NDJsMTAuMDExIDkuOTYyYy4wMTIuMDEyLS42OC43NDEtLjY2Ljc2MUw3LjUyIDkuNTEzcy0xLjQyNS0xLjQxNy0yLjg0My4wMDguMDA3IDIuODQzLjAwNyAyLjg0M2w5LjE4MSA5LjEzNWMuMDg0LjA4My0uNTMuODkxLS40MjUuOTk2bC02LjYxNi02LjU4M3MtMS40MjUtMS40MTctMi44NDMuMDA4LjAwNyAyLjg0My4wMDcgMi44NDNsMTAuNzkgMTAuNzMyYzEuODAyIDEuNzkzIDMuNjgyIDIuNzMyIDUuOTc0IDMuMTMxLjQ2Ny4wODEgMS4wNjcuMTAxIDEuMzExLjE0Ljc3My4xMjQgMS40NDUuNDIzIDIuMzQgMS4wMTQgMS4xNS43NTkgMi45MDIgMS4xMTggMy45NTEuMDdsMy41NzctMy41NzYgMy4zMDItMy4zMDJjMS4wNDktMS4wNS45LTEuOTkuMTU3LTMuMTV6Ii8+PC9zdmc+\" alt=\"\" class=\"emoji-icon\" style=\"vertical-align: text-top;\">', '2022-05-08 22:50:28', '2022-05-08 22:50:28');
INSERT INTO `mg_comments` VALUES ('66939a2a-216e-4079-a196-bf00e3dee879', '21b9f626-b6e3-4dab-9e04-f088e8d6df03', '测试的啊', '0', '1', '吴彦祖', 'https://marketplace.canva.cn/EAEsSrIavXA/2/0/1600w/canva-lqyXLROcj-k.jpg', '', '', '', 'hkhj', '2022-05-13 11:01:53', '2022-05-13 11:01:53');
INSERT INTO `mg_comments` VALUES ('694374e1-485a-4ecf-97f3-1758de89327d', '2a714d62-8019-431e-bc49-7914092f34be', 'VUE：自定义组件的 v-model', '473c7e11-0600-4b85-894f-c4400b1f5527', '1', 'Jean', 'https://joeschmoe.io/api/v1/male/jean', '1', 'Jean', 'https://joeschmoe.io/api/v1/male/jean', '111', '2022-10-22 15:22:12', '2022-10-22 15:22:12');
INSERT INTO `mg_comments` VALUES ('73f8b1a2-d861-4203-876b-3a614b4ab8ca', '6b57b52a-2f63-49ca-aa13-c2edc7aae8ba', '防抖和节流', '0', '1', '吴彦祖', 'https://marketplace.canva.cn/EAEsSrIavXA/2/0/1600w/canva-lqyXLROcj-k.jpg', '', '', '', '123412341234', '2022-07-29 09:09:59', '2022-07-29 09:09:59');
INSERT INTO `mg_comments` VALUES ('7871cb83-7293-434f-bda3-8a6781afb82d', '72720bb6-4df1-489b-8836-6ae63efe9907', 'uni-app 监听页面或组件的 下拉刷新 或 触底事件', '0', '1', '吴彦祖', 'https://marketplace.canva.cn/EAEsSrIavXA/2/0/1600w/canva-lqyXLROcj-k.jpg', '', '', '', '1111', '2022-07-11 17:08:19', '2022-07-11 17:08:19');
INSERT INTO `mg_comments` VALUES ('7a077966-3b55-4abb-aba6-d1ff175ae2f4', '2a714d62-8019-431e-bc49-7914092f34be', 'VUE：自定义组件的 v-model', '0', '1', 'Jake', 'https://joeschmoe.io/api/v1/male/jake', '', '', '', '123', '2022-10-20 22:25:20', '2022-10-20 22:25:20');
INSERT INTO `mg_comments` VALUES ('7ad30a01-af71-4674-bfa4-276c10881bec', '14b7e534-ef61-4907-a7dc-9349bb1a3481', 'vue自定义指令loading', '4daf923c-a418-47bc-95a7-77756294089f', '1', 'Jean', 'https://joeschmoe.io/api/v1/male/jean', '1', '彭于晏', 'https://p3-search.byteimg.com/img/pgc-image/1264cf7847aa40d3bcea0de7051a12c1~cs_640x640.JPEG', '34234', '2022-10-09 14:22:23', '2022-10-09 14:22:23');
INSERT INTO `mg_comments` VALUES ('7e14704d-d726-4f43-a4fa-32b909ed6141', '6b57b52a-2f63-49ca-aa13-c2edc7aae8ba', '防抖和节流', '0', '1', '吴彦祖', 'https://marketplace.canva.cn/EAEsSrIavXA/2/0/1600w/canva-lqyXLROcj-k.jpg', '', '', '', '123', '2022-07-26 01:02:17', '2022-07-26 01:02:17');
INSERT INTO `mg_comments` VALUES ('7f071e33-e3ce-40fe-be11-ff07b4787bdc', '02ace927-8356-4297-8fcd-9db2841309fc', 'Sass 在vue中使用', '0', '1', '吴彦祖', 'https://marketplace.canva.cn/EAEsSrIavXA/2/0/1600w/canva-lqyXLROcj-k.jpg', '', '', '', 'test', '2022-07-02 15:30:52', '2022-07-02 15:30:52');
INSERT INTO `mg_comments` VALUES ('82533765-1d99-4cd8-9a46-7e00404b9231', '2a714d62-8019-431e-bc49-7914092f34be', 'VUE：自定义组件的 v-model', '0', '1', '吴彦祖', 'https://encrypted-tbn0.gstatic.com/images?q=tbn:ANd9GcRXSYITOSgSQdTv0Z_Z0KkvwWsBMwadCA2PRA&usqp=CAU', '', '', '', '反反复复', '2022-08-26 15:47:09', '2022-08-26 15:47:09');
INSERT INTO `mg_comments` VALUES ('853b30e6-8e6b-40f6-9a7e-321eae362daf', '6b57b52a-2f63-49ca-aa13-c2edc7aae8ba', '防抖和节流', '0', '1', '吴彦祖', 'https://marketplace.canva.cn/EAEsSrIavXA/2/0/1600w/canva-lqyXLROcj-k.jpg', '', '', '', '123', '2022-07-26 01:02:07', '2022-07-26 01:02:07');
INSERT INTO `mg_comments` VALUES ('86871346-b017-431d-be8e-57ccae572cc9', '2a714d62-8019-431e-bc49-7914092f34be', 'VUE：自定义组件的 v-model', '0', '1', '吴彦祖', 'https://encrypted-tbn0.gstatic.com/images?q=tbn:ANd9GcRXSYITOSgSQdTv0Z_Z0KkvwWsBMwadCA2PRA&usqp=CAU', '', '', '', '1111', '2022-08-26 09:47:46', '2022-08-26 09:47:46');
INSERT INTO `mg_comments` VALUES ('87c3df57-eaa4-452f-a094-1fc8d90e9840', 'cf4609ca-1371-4096-9bf6-437681bc2590', '使用 JavaScript 编写更好的条件语句', '0', '1', 'Jake', 'https://joeschmoe.io/api/v1/male/jake', '', '', '', '666', '2022-09-22 00:30:59', '2022-09-22 00:30:59');
INSERT INTO `mg_comments` VALUES ('882aae67-33c1-4b41-af22-cced7cd8d18f', '49bd5f91-a08a-4548-ae83-f5a66fadcab5', 'yarn超时', 'eacc2b3f-7579-4265-8396-f4be748848af', '1', 'Jean', 'https://joeschmoe.io/api/v1/male/jean', '1', '吴彦祖', 'https://marketplace.canva.cn/EAEsSrIavXA/2/0/1600w/canva-lqyXLROcj-k.jpg', 'ww', '2022-09-21 18:10:29', '2022-09-21 18:10:29');
INSERT INTO `mg_comments` VALUES ('8b19e6f1-a380-46bb-8976-24bc72b4711f', '32737ff6-ca18-49f4-b8f9-1c942e7b9617', '新的 CSS 伪类函数 :is() 和 :where()', '0', '1', 'Jake', 'https://joeschmoe.io/api/v1/male/jake', '', '', '', '666', '2022-10-06 20:06:29', '2022-10-06 20:06:29');
INSERT INTO `mg_comments` VALUES ('8b2fbcf9-0eeb-4b51-918f-3e3f20bfb889', '21b9f626-b6e3-4dab-9e04-f088e8d6df03', '测试的啊', 'f9fa175d-9e6c-4764-aa38-b50d1b17d749', '1', '彭于晏', 'https://p3-search.byteimg.com/img/pgc-image/1264cf7847aa40d3bcea0de7051a12c1~cs_640x640.JPEG', '1', '吴彦祖', 'https://marketplace.canva.cn/EAEsSrIavXA/2/0/1600w/canva-lqyXLROcj-k.jpg', 'asdf1', '2022-05-22 14:45:03', '2022-05-22 14:45:03');
INSERT INTO `mg_comments` VALUES ('8e1b9b69-0309-415c-be4d-e3ef48a84bee', '6d84423d-a721-4b20-bfc7-7eb48ec430c9', '在使用IDEA创建springboot项目，有时会出现cannot download ‘https://start.spring.io’:connect timed out问题', '0', '1', '吴彦祖', 'https://marketplace.canva.cn/EAEsSrIavXA/2/0/1600w/canva-lqyXLROcj-k.jpg', '', '', '', '<img data-v-7c9572d1=\"\" width=\"20\" height=\"20\" src=\"data:image/svg+xml;base64,PHN2ZyB4bWxucz0iaHR0cDovL3d3dy53My5vcmcvMjAwMC9zdmciIHZpZXdCb3g9IjAgMCAzNiAzNiI+PGcgZmlsbD0iI0U3NUE3MCI+PHBhdGggZD0iTTEzLjU4OSAyNi41MjFjLS4yOTctLjQ5NS0uMjg0LTEuMTE3LjAzNS0xLjU5OWw0LjM5NS02LjY0Ni01Ljk5NS01LjEzOWMtLjU1Ni0uNDc2LS42ODYtMS4yODMtLjMxLTEuOTExbDQuMzA0LTcuMTcyYy0xLjY2OS0xLjMwMS0zLjc1NS0yLjA5LTYuMDM1LTIuMDktNS40NSAwLTkuODY4IDQuNDE3LTkuODY4IDkuODY4IDAgLjc3Mi4wOTggMS41Mi4yNjYgMi4yNDFDMS43NTEgMjIuNTg3IDExLjIxNiAzMS41NjggMTggMzQuMDM0Yy4wMjUtLjAwOS4wNTItLjAyMi4wNzctLjAzMmwtNC40ODgtNy40ODF6Ii8+PHBhdGggZD0iTTI2LjAxOCAxLjk2NmMtMi43NjUgMC01LjI0OCAxLjE1MS03LjAzNyAyLjk4M2wtNC4wNDIgNi43MzcgNi4wMzkgNS4xNzZjLjU3NC40OTIuNjkxIDEuMzM1LjI3NCAxLjk2NmwtNC42MDQgNi45NjIgNC4xNjEgNi45MzVjNi4zMzgtMy41MjkgMTMuNjIxLTExLjI2MyAxNC44MDktMTguNjQ5LjE3LS43MjEuMjY4LTEuNDY5LjI2OC0yLjI0MS0uMDAxLTUuNDUyLTQuNDE5LTkuODY5LTkuODY4LTkuODY5eiIvPjwvZz48L3N2Zz4=\" alt=\"\" class=\"emoji-icon\" style=\"vertical-align: text-top;\"><img data-v-7c9572d1=\"\" width=\"20\" height=\"20\" src=\"data:image/svg+xml;base64,PHN2ZyB4bWxucz0iaHR0cDovL3d3dy53My5vcmcvMjAwMC9zdmciIHZpZXdCb3g9IjAgMCAzNiAzNiI+PHBhdGggZmlsbD0iI0ZGQ0M0RCIgZD0iTTM2IDE4YzAgOS45NDEtOC4wNTkgMTgtMTggMThTMCAyNy45NDEgMCAxOCA4LjA1OSAwIDE4IDBzMTggOC4wNTkgMTggMTgiLz48cGF0aCBmaWxsPSIjNjY0NTAwIiBkPSJNMTggMjEuODQ5Yy0yLjk2NiAwLTQuOTM1LS4zNDYtNy4zNjktLjgxOS0uNTU3LS4xMDYtMS42MzggMC0xLjYzOCAxLjYzOCAwIDMuMjc1IDMuNzYzIDcuMzY5IDkuMDA3IDcuMzY5czkuMDA3LTQuMDk0IDkuMDA3LTcuMzY5YzAtMS42MzgtMS4wODItMS43NDUtMS42MzgtMS42MzgtMi40MzQuNDczLTQuNDAyLjgxOS03LjM2OS44MTkiLz48cGF0aCBmaWxsPSIjRTc1QTcwIiBkPSJNMTYuNjUgMy4yODFDMTUuNzkxLjg1IDEzLjEyNi0uNDI2IDEwLjY5NC40MzFjLTEuNDc2LjUyLTIuNTIxIDEuNzExLTIuOTI4IDMuMTA0LTEuMTkxLS44MjktMi43NTEtMS4xLTQuMjI1LS41OEMxLjExMSAzLjgxMy0uMTY3IDYuNDguNjkyIDguOTExYy4xMjIuMzQ0LjI4NC42NjMuNDcyLjk1OCAxLjk1MSAzLjU4MiA3LjU4OCA2LjEgMTEuMDAxIDYuMTMxIDIuNjM3LTIuMTY3IDUuNDQ2LTcuNjY1IDQuNzE4LTExLjY3Ny0uMDM4LS4zNDgtLjExMy0uNjk4LS4yMzMtMS4wNDJ6bTIuNyAwQzIwLjIwOS44NSAyMi44NzUtLjQyNiAyNS4zMDYuNDMxYzEuNDc2LjUyIDIuNTIxIDEuNzExIDIuOTI5IDMuMTA0IDEuMTkxLS44MjkgMi43NTEtMS4xIDQuMjI1LS41OCAyLjQzLjg1OCAzLjcwNyAzLjUyNSAyLjg1IDUuOTU2LS4xMjMuMzQ0LS4yODQuNjYzLS40NzMuOTU4LTEuOTUxIDMuNTgyLTcuNTg4IDYuMS0xMS4wMDIgNi4xMzEtMi42MzctMi4xNjctNS40NDUtNy42NjUtNC43MTctMTEuNjc3LjAzNy0uMzQ4LjExMi0uNjk4LjIzMi0xLjA0MnoiLz48L3N2Zz4=\" alt=\"\" class=\"emoji-icon\" style=\"vertical-align: text-top;\">', '2022-08-03 12:50:39', '2022-08-03 12:50:39');
INSERT INTO `mg_comments` VALUES ('8f0acb45-1988-47d3-9c55-e8c66451385a', '10486e3a-1579-47f6-a549-671529776450', '解决 npm install 卡死不动？', '0', '1', '吴彦祖', 'https://marketplace.canva.cn/EAEsSrIavXA/2/0/1600w/canva-lqyXLROcj-k.jpg', '', '', '', '9999', '2022-05-29 19:04:22', '2022-05-29 19:04:22');
INSERT INTO `mg_comments` VALUES ('90d4a95f-6e2e-48c8-9e45-5ad48591ca30', 'c605f6e7-e06f-4b5b-8297-ed3d5e42ed79', '博客微信小程序端上线啦', '0', '1', '吴彦祖', 'https://marketplace.canva.cn/EAEsSrIavXA/2/0/1600w/canva-lqyXLROcj-k.jpg', '', '', '', '<img data-v-7c9572d1=\"\" width=\"20\" height=\"20\" src=\"data:image/svg+xml;base64,PHN2ZyB4bWxucz0iaHR0cDovL3d3dy53My5vcmcvMjAwMC9zdmciIHZpZXdCb3g9IjAgMCAzNiAzNiI+PHBhdGggZmlsbD0iI0VGOTY0NSIgZD0iTTMyLjMwMiAyNC4zNDdjLS42OTUtMS4wMS0uMzA3LTIuNDctLjQ4LTQuMDgyLS4xNzgtMi42My0xLjMwOC01LjE3OC0zLjUtNy4yMTZsLTcuNDY2LTYuOTQycy0xLjQ3MS0xLjM2OS0yLjg0MS4xMDNjLTEuMzY4IDEuNDcxLjEwNCAyLjg0LjEwNCAyLjg0bDMuMTU0IDIuOTM0IDIuNzM0IDIuNTQycy0uNjg1LjczNi0zLjcxMS0yLjA3OGwtMTAuMjItOS41MDZzLTEuNDczLTEuMzY4LTIuODQyLjEwNGMtMS4zNjggMS40NzEuMTAzIDIuODQuMTAzIDIuODRsOS42NjQgOC45ODljLS4wMjEtLjAyLS43MzEuNjkyLS43NDQuNjhMNS45MTcgNS45MzhzLTEuNDcyLTEuMzY5LTIuODQxLjEwM2MtMS4zNjkgMS40NzIuMTAzIDIuODQuMTAzIDIuODRMMTMuNTIgMTguNWMuMDEyLjAxMi0uNjU0Ljc2NC0uNjM0Ljc4M2wtOC45Mi04LjI5OHMtMS40NzItMS4zNjktMi44NDEuMTAzYy0xLjM2OSAxLjQ3Mi4xMDMgMi44NDEuMTAzIDIuODQxbDkuNDg0IDguODJjLjA4Ny4wODEtLjUuOTA4LS4zOTEgMS4wMDlsLTYuODM0LTYuMzU2cy0xLjQ3Mi0xLjM2OS0yLjg0MS4xMDRjLTEuMzY5IDEuNDcyLjEwMyAyLjg0MS4xMDMgMi44NDFMMTEuODk2IDMwLjcxYzEuODYxIDEuNzMxIDMuNzcyIDIuNjA3IDYuMDc2IDIuOTI4LjQ2OS4wNjUgMS4wNjkuMDY1IDEuMzE1LjA5Ni43NzcuMDk4IDEuNDU5LjM3NCAyLjM3Mi45MzQgMS4xNzUuNzIgMi45MzggMS4wMiAzLjk1MS0uMDYzbDMuNDU0LTMuNjk1IDMuMTg5LTMuNDEyYzEuMDEyLTEuMDgyLjgzMS0yLjAxNi4wNDktMy4xNTF6Ii8+PHBhdGggZD0iTTEuOTU2IDM1LjAyNmMtLjI1NiAwLS41MTItLjA5OC0uNzA3LS4yOTMtLjM5MS0uMzkxLS4zOTEtMS4wMjMgMC0xLjQxNEw0LjggMjkuNzdjLjM5MS0uMzkxIDEuMDIzLS4zOTEgMS40MTQgMHMuMzkxIDEuMDIzIDAgMS40MTRsLTMuNTUxIDMuNTVjLS4xOTUuMTk1LS40NTEuMjkyLS43MDcuMjkyem02Ljc0Ni45MjJjLS4xMDkgMC0uMjIxLS4wMTgtLjMzMS0uMDU2LS41MjEtLjE4Mi0uNzk2LS43NTItLjYxMy0xLjI3NGwuOTcxLTIuNzczYy4xODItLjUyMS43NTMtLjc5NSAxLjI3NC0uNjE0LjUyMS4xODMuNzk2Ljc1My42MTMgMS4yNzRsLS45NzEgMi43NzNjLS4xNDQuNDEyLS41My42Ny0uOTQzLjY3em0tNy42NjctNy42NjdjLS40MTIgMC0uNzk4LS4yNTctLjk0My0uNjY3LS4xODQtLjUyMS4wODktMS4wOTIuNjEtMS4yNzZsMi40OTUtLjg4MWMuNTIzLS4xOCAxLjA5Mi4wOTEgMS4yNzYuNjEuMTg0LjUyMS0uMDg5IDEuMDkyLS42MSAxLjI3NmwtMi40OTUuODgxYy0uMTExLjAzOS0uMjIzLjA1Ny0uMzMzLjA1N3ptMjkuNDYtMjEuNzY3Yy0uMjU2IDAtLjUxMi0uMDk4LS43MDctLjI5My0uMzkxLS4zOTEtLjM5MS0xLjAyNCAwLTEuNDE1bDMuNTUyLTMuNTVjLjM5MS0uMzkgMS4wMjMtLjM5IDEuNDE0IDBzLjM5MSAxLjAyNCAwIDEuNDE1bC0zLjU1MiAzLjU1Yy0uMTk1LjE5Ni0uNDUxLjI5My0uNzA3LjI5M3ptLTQuMTY0LTEuNjk3Yy0uMTA5IDAtLjIyMS0uMDE5LS4zMy0uMDU3LS41MjEtLjE4Mi0uNzk2LS43NTItLjYxNC0xLjI3NGwuOTctMi43NzNjLjE4My0uNTIxLjc1Mi0uNzk2IDEuMjc0LS42MTQuNTIxLjE4Mi43OTYuNzUyLjYxNCAxLjI3NGwtLjk3IDIuNzczYy0uMTQ0LjQxMy0uNTMxLjY3MS0uOTQ0LjY3MXptNi4xNDMgNS43NzRjLS40MTIgMC0uNzk4LS4yNTctLjk0My0uNjY3LS4xODQtLjUyMS4wOS0xLjA5Mi42MS0xLjI3NmwyLjQ5NC0uODgxYy41MjItLjE4NSAxLjA5Mi4wOSAxLjI3Ni42MS4xODQuNTIxLS4wOSAxLjA5Mi0uNjEgMS4yNzZsLTIuNDk0Ljg4MWMtLjExMS4wMzktLjIyMy4wNTctLjMzMy4wNTd6IiBmaWxsPSIjRkE3NDNFIi8+PHBhdGggZmlsbD0iI0ZGREI1RSIgZD0iTTM1LjM5IDIzLjgyMmMtLjY2MS0xLjAzMi0uMjI0LTIuNDc5LS4zNDItNC4wOTYtLjA5LTIuNjM0LTEuMTMzLTUuMjE5LTMuMjU1LTcuMzNsLTcuMjI4LTcuMTg5cy0xLjQyNC0xLjQxNy0yLjg0My4wMDhjLTEuNDE3IDEuNDI0LjAwOCAyLjg0Mi4wMDggMi44NDJsMy4wNTQgMy4wMzkgMi42NDYgMi42MzJzLS43MS43MTItMy42MzktMi4yMDJjLTIuOTMxLTIuOTE1LTkuODk0LTkuODQ1LTkuODk0LTkuODQ1cy0xLjQyNS0xLjQxNy0yLjg0My4wMDhjLTEuNDE4IDEuNDI0LjAwNyAyLjg0MS4wMDcgMi44NDFsOS4zNTYgOS4zMWMtLjAyLS4wMi0uNzU0LjY2Ny0uNzY3LjY1NEw5LjY0IDQuNTM0cy0xLjQyNS0xLjQxOC0yLjg0My4wMDdjLTEuNDE3IDEuNDI1LjAwNyAyLjg0Mi4wMDcgMi44NDJsMTAuMDExIDkuOTYyYy4wMTIuMDEyLS42OC43NDEtLjY2Ljc2MUw3LjUyIDkuNTEzcy0xLjQyNS0xLjQxNy0yLjg0My4wMDguMDA3IDIuODQzLjAwNyAyLjg0M2w5LjE4MSA5LjEzNWMuMDg0LjA4My0uNTMuODkxLS40MjUuOTk2bC02LjYxNi02LjU4M3MtMS40MjUtMS40MTctMi44NDMuMDA4LjAwNyAyLjg0My4wMDcgMi44NDNsMTAuNzkgMTAuNzMyYzEuODAyIDEuNzkzIDMuNjgyIDIuNzMyIDUuOTc0IDMuMTMxLjQ2Ny4wODEgMS4wNjcuMTAxIDEuMzExLjE0Ljc3My4xMjQgMS40NDUuNDIzIDIuMzQgMS4wMTQgMS4xNS43NTkgMi45MDIgMS4xMTggMy45NTEuMDdsMy41NzctMy41NzYgMy4zMDItMy4zMDJjMS4wNDktMS4wNS45LTEuOTkuMTU3LTMuMTV6Ii8+PC9zdmc+\" alt=\"\" class=\"emoji-icon\" style=\"vertical-align: text-top;\">', '2022-07-06 20:55:06', '2022-07-06 20:55:06');
INSERT INTO `mg_comments` VALUES ('9553b981-a097-4116-abe0-a84b9ff7244c', '21b9f626-b6e3-4dab-9e04-f088e8d6df03', '测试的啊', '0', '1', '吴彦祖', 'https://marketplace.canva.cn/EAEsSrIavXA/2/0/1600w/canva-lqyXLROcj-k.jpg', '', '', '', '来了', '2022-06-07 17:01:34', '2022-06-07 17:01:34');
INSERT INTO `mg_comments` VALUES ('9567f472-a96b-4d61-9484-eaf8ddd2f209', '14b7e534-ef61-4907-a7dc-9349bb1a3481', 'vue自定义指令loading', '0', '1', '吴彦祖', 'https://marketplace.canva.cn/EAEsSrIavXA/2/0/1600w/canva-lqyXLROcj-k.jpg', '', '', '', '111111', '2022-06-06 22:50:05', '2022-06-06 22:50:05');
INSERT INTO `mg_comments` VALUES ('97fe3d44-df8f-445b-a040-122d5a1b4178', 'aee3edea-add2-46b3-834f-832476967101', '关于vue.config.js 的 proxy 配置', '0', '1', '吴彦祖', 'https://marketplace.canva.cn/EAEsSrIavXA/2/0/1600w/canva-lqyXLROcj-k.jpg', '', '', '', '感谢分享<img data-v-7c9572d1=\"\" width=\"20\" height=\"20\" src=\"data:image/svg+xml;base64,PHN2ZyB4bWxucz0iaHR0cDovL3d3dy53My5vcmcvMjAwMC9zdmciIHZpZXdCb3g9IjAgMCAzNiAzNiI+PHBhdGggZmlsbD0iI0ZGREI1RSIgZD0iTTM0Ljk1NiAxNy45MTZjMC0uNTAzLS4xMi0uOTc1LS4zMjEtMS40MDQtMS4zNDEtNC4zMjYtNy42MTktNC4wMS0xNi41NDktNC4yMjEtMS40OTMtLjAzNS0uNjM5LTEuNzk4LS4xMTUtNS42NjguMzQxLTIuNTE3LTEuMjgyLTYuMzgyLTQuMDEtNi4zODItNC40OTggMC0uMTcxIDMuNTQ4LTQuMTQ4IDEyLjMyMi0yLjEyNSA0LjY4OC02Ljg3NSAyLjA2Mi02Ljg3NSA2Ljc3MXYxMC43MTljMCAxLjgzMy4xOCAzLjU5NSAyLjc1OCAzLjg4NUM4LjE5NSAzNC4yMTkgNy42MzMgMzYgMTEuMjM4IDM2aDE4LjA0NGMxLjgzOCAwIDMuMzMzLTEuNDk2IDMuMzMzLTMuMzM0IDAtLjc2Mi0uMjY3LTEuNDU2LS42OTgtMi4wMTggMS4wMi0uNTcxIDEuNzItMS42NDkgMS43Mi0yLjg5OSAwLS43Ni0uMjY2LTEuNDU0LS42OTYtMi4wMTUgMS4wMjMtLjU3IDEuNzI1LTEuNjQ5IDEuNzI1LTIuOTAxIDAtLjkwOS0uMzY4LTEuNzMzLS45NjEtMi4zMzYuNzU3LS42MTEgMS4yNTEtMS41MzUgMS4yNTEtMi41ODF6Ii8+PHBhdGggZmlsbD0iI0VFOTU0NyIgZD0iTTIzLjAyIDIxLjI0OWg4LjYwNGMxLjE3IDAgMi4yNjgtLjYyNiAyLjg2Ni0xLjYzMy4yNDYtLjQxNS4xMDktLjk1Mi0uMzA3LTEuMTk5LS40MTUtLjI0Ny0uOTUyLS4xMDgtMS4xOTkuMzA3LS4yODMuNDc5LS44MDYuNzc1LTEuMzYxLjc3NWgtOC44MWMtLjg3MyAwLTEuNTgzLS43MS0xLjU4My0xLjU4M3MuNzEtMS41ODMgMS41ODMtMS41ODNIMjguN2MuNDgzIDAgLjg3NS0uMzkyLjg3NS0uODc1cy0uMzkyLS44NzUtLjg3NS0uODc1aC01Ljg4OGMtMS44MzggMC0zLjMzMyAxLjQ5NS0zLjMzMyAzLjMzMyAwIDEuMDI1LjQ3NSAxLjkzMiAxLjIwNSAyLjU0NC0uNjE1LjYwNS0uOTk4IDEuNDQ1LS45OTggMi4zNzMgMCAxLjAyOC40NzggMS45MzggMS4yMTIgMi41NDktLjYxMS42MDQtLjk5IDEuNDQxLS45OSAyLjM2NyAwIDEuMTIuNTU5IDIuMTA4IDEuNDA5IDIuNzEzLS41MjQuNTg5LS44NTIgMS4zNTYtLjg1MiAyLjIwNCAwIDEuODM4IDEuNDk1IDMuMzMzIDMuMzMzIDMuMzMzaDUuNDg0YzEuMTcgMCAyLjI2OS0uNjI1IDIuODY3LTEuNjMyLjI0Ny0uNDE1LjExLS45NTItLjMwNS0xLjE5OS0uNDE2LS4yNDUtLjk1My0uMTEtMS4xOTkuMzA1LS4yODUuNDc5LS44MDguNzc2LTEuMzYzLjc3NmgtNS40ODRjLS44NzMgMC0xLjU4My0uNzEtMS41ODMtMS41ODNzLjcxLTEuNTgzIDEuNTgzLTEuNTgzaDYuNTA2YzEuMTcgMCAyLjI3LS42MjYgMi44NjctMS42MzMuMjQ3LS40MTYuMTEtLjk1My0uMzA1LTEuMTk5LS40MTktLjI1MS0uOTU0LS4xMS0xLjE5OS4zMDUtLjI4OS40ODctLjc5OS43NzctMS4zNjMuNzc3aC03LjA2M2MtLjg3MyAwLTEuNTgzLS43MTEtMS41ODMtMS41ODRzLjcxLTEuNTgzIDEuNTgzLTEuNTgzaDguMDkxYzEuMTcgMCAyLjI2OS0uNjI1IDIuODY3LTEuNjMyLjI0Ny0uNDE1LjExLS45NTItLjMwNS0xLjE5OS0uNDE3LS4yNDYtLjk1My0uMTEtMS4xOTkuMzA1LS4yODkuNDg2LS43OTkuNzc2LTEuMzYzLjc3NkgyMy4wMmMtLjg3MyAwLTEuNTgzLS43MS0xLjU4My0xLjU4M3MuNzA5LTEuNTg0IDEuNTgzLTEuNTg0eiIvPjwvc3ZnPg==\" alt=\"\" class=\"emoji-icon\" style=\"vertical-align: text-top;\">', '2022-05-23 19:00:40', '2022-05-23 19:00:40');
INSERT INTO `mg_comments` VALUES ('9b7cb4ef-0d30-4f06-a7d6-b69af9abc0f9', '2a714d62-8019-431e-bc49-7914092f34be', 'VUE：自定义组件的 v-model', 'fb9956b8-fc3c-4396-8574-f6287fa1c965', '1', 'Jean', 'https://joeschmoe.io/api/v1/male/jean', '1', '彭于晏', 'https://ci.xiaohongshu.com/9c287080-630d-33ad-a988-76a8cf21e152?imageView2/2/w/540/format/jpg', 'k', '2022-09-29 11:28:59', '2022-09-29 11:28:59');
INSERT INTO `mg_comments` VALUES ('9ba47ee9-8035-4e72-9559-9f90fce28f56', '2a714d62-8019-431e-bc49-7914092f34be', 'VUE：自定义组件的 v-model', '0', '1', '吴彦祖', 'https://encrypted-tbn0.gstatic.com/images?q=tbn:ANd9GcRXSYITOSgSQdTv0Z_Z0KkvwWsBMwadCA2PRA&usqp=CAU', '', '', '', 'nihao', '2022-08-29 23:17:59', '2022-08-29 23:17:59');
INSERT INTO `mg_comments` VALUES ('9f6f85a6-8a5f-4e70-b27c-a8893a3ce05d', '14b7e534-ef61-4907-a7dc-9349bb1a3481', 'vue自定义指令loading', '0', '1', '吴彦祖', 'https://marketplace.canva.cn/EAEsSrIavXA/2/0/1600w/canva-lqyXLROcj-k.jpg', '', '', '', '<img data-v-7c9572d1=\"\" width=\"20\" height=\"20\" src=\"data:image/svg+xml;base64,PHN2ZyB4bWxucz0iaHR0cDovL3d3dy53My5vcmcvMjAwMC9zdmciIHZpZXdCb3g9IjAgMCAzNiAzNiI+PHBhdGggZmlsbD0iI0ZGQ0M0RCIgZD0iTTM2IDE4YzAgOS45NDEtOC4wNTkgMTgtMTggMTgtOS45NCAwLTE4LTguMDU5LTE4LTE4QzAgOC4wNiA4LjA2IDAgMTggMGM5Ljk0MSAwIDE4IDguMDYgMTggMTgiLz48cGF0aCBmaWxsPSIjNjY0NTAwIiBkPSJNMTYgMThjLS40MTkgMC0uODA5LS4yNjUtLjk0OS0uNjg0QzE0Ljg0OCAxNi43MTcgMTQuMDM0IDE1IDEzIDE1Yy0xLjA2MiAwLTEuODg4IDEuODI3LTIuMDUxIDIuMzE2LS4xNzUuNTIzLS43MzguODA4LTEuMjY1LjYzMi0uNTI0LS4xNzQtLjgwNy0uNzQxLS42MzItMS4yNjVDOS4xNzcgMTYuMzA3IDEwLjM1NiAxMyAxMyAxM3MzLjgyMyAzLjMwNyAzLjk0OSAzLjY4NGMuMTc1LjUyNC0uMTA4IDEuMDkxLS42MzIgMS4yNjUtLjEwNi4wMzQtLjIxMy4wNTEtLjMxNy4wNTF6bTEwIDBjLS40MTkgMC0uODA5LS4yNjUtLjk0OC0uNjg0QzI0Ljg0OSAxNi43MTcgMjQuMDMzIDE1IDIzIDE1Yy0xLjA2MiAwLTEuODg5IDEuODI3LTIuMDUyIDIuMzE2LS4xNzUuNTIzLS43MzYuODA4LTEuMjY1LjYzMi0uNTIzLS4xNzQtLjgwNy0uNzQxLS42MzItMS4yNjVDMTkuMTc3IDE2LjMwNyAyMC4zNTUgMTMgMjMgMTNzMy44MjMgMy4zMDcgMy45NDggMy42ODRjLjE3NS41MjQtLjEwOCAxLjA5MS0uNjMyIDEuMjY1LS4xMDUuMDM0LS4yMTIuMDUxLS4zMTYuMDUxem0tOCA0Yy0zLjYyMyAwLTYuMDI3LS40MjItOS0xLS42NzktLjEzMS0yIDAtMiAyIDAgNCA0LjU5NSA5IDExIDkgNi40MDQgMCAxMS01IDExLTkgMC0yLTEuMzIxLTIuMTMyLTItMi0yLjk3My41NzgtNS4zNzcgMS05IDF6Ii8+PHBhdGggZmlsbD0iI0ZGRiIgZD0iTTkgMjNzMyAxIDkgMSA5LTEgOS0xLTEuMzQ0IDYuNzUtOSA2Ljc1UzkgMjMgOSAyM3oiLz48cGF0aCBmaWxsPSIjNjY0NTAwIiBkPSJNMTggMjcuNTk0Yy0zLjU5NiAwLTYuMjcyLS4zNzItNy45MzctLjc0NWwtLjgyNS0xLjg3MWMuODIzLjMxMiAzLjg4OS44OTcgOC43NjMuODk3IDQuOTU0IDAgOC4wMzctLjYxNiA4Ljg2NC0uOTM4bC0uNzAxIDEuODQyYy0xLjYzNC4zOC00LjQxOS44MTUtOC4xNjQuODE1eiIvPjwvc3ZnPg==\" alt=\"\" class=\"emoji-icon\" style=\"vertical-align: text-top;\">', '2022-06-01 13:26:37', '2022-06-01 13:26:37');
INSERT INTO `mg_comments` VALUES ('a1ab2f26-d2cc-4d3a-9fa9-0a18dff0ac7d', '72720bb6-4df1-489b-8836-6ae63efe9907', 'uni-app 监听页面或组件的 下拉刷新 或 触底事件', '0', '1', '吴彦祖', 'https://marketplace.canva.cn/EAEsSrIavXA/2/0/1600w/canva-lqyXLROcj-k.jpg', '', '', '', '111', '2022-07-11 17:08:06', '2022-07-11 17:08:06');
INSERT INTO `mg_comments` VALUES ('a28db48d-0a3c-4947-936c-b1466ea448b9', '02ace927-8356-4297-8fcd-9db2841309fc', 'Sass 在vue中使用', '7f071e33-e3ce-40fe-be11-ff07b4787bdc', '1', '彭于晏', 'https://p3-search.byteimg.com/img/pgc-image/1264cf7847aa40d3bcea0de7051a12c1~cs_640x640.JPEG', '1', '吴彦祖', 'https://marketplace.canva.cn/EAEsSrIavXA/2/0/1600w/canva-lqyXLROcj-k.jpg', '<img data-v-7c9572d1=\"\" width=\"20\" height=\"20\" src=\"data:image/svg+xml;base64,PHN2ZyB4bWxucz0iaHR0cDovL3d3dy53My5vcmcvMjAwMC9zdmciIHZpZXdCb3g9IjAgMCAzNiAzNiI+PHBhdGggZmlsbD0iI0ZGQ0I0RSIgZD0iTTMzIDE3YzEuMDcyLTYuMDg0IDEuMjYyLTE1LjA0OCAwLTE1Ljg2NEMzMS43MzguMzIyIDIyLjkyOCAzLjM1MyAyMS4wODYgNy40IDIwLjA4MSA3LjEzMiAxOCA3IDE4IDdzLTIuMDEzLjEzMi0zLjAxNy4zOTlDMTMuMTQgMy4zNTIgNC4yNjEuMzIxIDMgMS4xMzYgMS43MzggMS45NTIgMS45MjYgMTAuOTE2IDMgMTdjMCAwLS45NjcgMS45NzktLjk2NyA4Ljk1bDE2LTMuOTY3IDE2IDRDMzQuMDMzIDE4Ljk3OSAzMyAxNyAzMyAxN3oiLz48cGF0aCBmaWxsPSIjRkZEODgyIiBkPSJNMjMuOTQ2IDE5LjI4MmMtMi4wODUgMC00LjI3My40NzctNS45MTMgMS4yODEtMS42MzktLjgwNS0zLjgyNy0xLjI4MS01LjkxMi0xLjI4MS05LjkzMiAwLTEwLjA4OCA1LjEtMTAuMDg4IDYuNjY0QzIuMDMzIDI3LjUwNSA0IDM1Ljk3OSAxOCAzNS45NzlzMTYuMDMzLTguNDQxIDE2LjAzMy0xMGMwLTEuNTY0LS4xNTYtNi42OTctMTAuMDg3LTYuNjk3eiIvPjxwYXRoIGZpbGw9IiNGMjhGMjAiIGQ9Ik0yMy40MDYgOC4wNTRjMi4xNy0yLjM4MyA2LjY4MS00LjE3MiA3LjYwNy0zLjk0NS43NTIuMTgyLjYzNSA2LjM4Ny4wMzEgOS45MzgtMi41NjItNC4yNTEtNy42MzgtNS45OTMtNy42MzgtNS45OTN6bS0xMC43NDYgMGMtMi4xNjgtMi4zODMtNi42OC00LjE3Mi03LjYwNi0zLjk0NS0uNzU0LjE4Mi0uNjM3IDYuMzg3LS4wMzEgOS45MzggMi41NjMtNC4yNTEgNy42MzctNS45OTMgNy42MzctNS45OTN6Ii8+PHBhdGggZmlsbD0iI0ZBQUEzNSIgZD0iTTIyLjA0IDIwYzAtNC42OTMtMS44MDktMTMtNC4wNC0xM3MtNC4wNCA4LjMwNy00LjA0IDEzYzAgNC42OTUgMS44MDkgMiA0LjA0IDJzNC4wNCAyLjY5NSA0LjA0LTJ6Ii8+PHBhdGggZmlsbD0iIzJBMkYzMyIgZD0iTTE1LjAxOSAxNi45OTljMCAxLjEwNS0uOTA0IDItMi4wMTkgMnMtMi4wMTktLjg5NS0yLjAxOS0yYzAtMS4xMDQuOTA0LTEuOTk4IDIuMDE5LTEuOTk4czIuMDE5Ljg5NSAyLjAxOSAxLjk5OHptMTAuMDIuMDAxYzAgMS4xMDUtLjkwNCAyLTIuMDIgMkMyMS45MDQgMTkgMjEgMTguMTA1IDIxIDE3YzAtMS4xMDQuOTA0LTEuOTk4IDIuMDItMS45OTggMS4xMTUgMCAyLjAxOS44OTQgMi4wMTkgMS45OTh6Ii8+PHBhdGggZmlsbD0iI0YyOEYyMCIgZD0iTTIzLjgwNCAyOC44OTVjLTMuNDg4LjY5Ni00LjU1LS43ODUtNC43ODQtMS4yMjlWMjVjMC0uNTUzLS40NDctMS0xLTEtLjU1MyAwLTEgLjQ0Ny0xIDF2Mi42NTljLS4yNDYuNDUyLTEuMzM4IDEuOTMxLTQuODIzIDEuMjM2LS41NDgtLjExMy0xLjA2OS4yNDMtMS4xNzcuNzg0LS4xMDguNTQyLjI0MyAxLjA2OC43ODQgMS4xNzcuNzkuMTU4IDEuNDk1LjIyNyAyLjEyNy4yMjcgMi4wNzggMCAzLjMzOS0uNzQxIDQuMDgxLTEuNDczLjczNS43MzMgMS45ODYgMS40NzMgNC4wNTggMS40NzMuNjMxIDAgMS4zMzctLjA2OCAyLjEyNi0uMjI3LjU0MS0uMTA4Ljg5My0uNjM1Ljc4NC0xLjE3Ny0uMTA3LS41NDEtLjYyOS0uODk3LTEuMTc2LS43ODR6Ii8+PHBhdGggZmlsbD0iIzI5MkYzMyIgZD0iTTIyLjAyIDIxLjU5MmMwIDEuNzU4LTMuMjE2IDMuOTc4LTQuMDIgMy45NzgtLjgwMyAwLTQuMDE5LTIuMjIxLTQuMDE5LTMuOTc4QzEzLjk4MSAxOS44MzIgMTYuMjI1IDIwIDE4IDIwczQuMDItLjE2OCA0LjAyIDEuNTkyeiIvPjxwYXRoIGZpbGw9IiNGMzkxMjAiIGQ9Ik0zNC4wMjEgMzEuOTM1Yy0uMjc3IDAtLjU1My0uMTE1LS43NTEtLjMzOS0uMDMtLjAzNS0zLjE4MS0zLjUwMi0xMC40MS00LjYyNC0uNTQ2LS4wODUtLjkyLS41OTYtLjgzNS0xLjE0Mi4wODUtLjU0Ni41OTctLjkxNSAxLjE0Mi0uODM1LjM2Ni4wNTcuNzI0LjExOSAxLjA3Mi4xODcgNy4yNDIgMS40MDQgMTAuMzk5IDQuOTM5IDEwLjUzNiA1LjA5Ni4zNjIuNDE2LjMxOSAxLjA0OC0uMDk3IDEuNDExLS4xODkuMTY1LS40MjMuMjQ2LS42NTcuMjQ2eiIvPjxwYXRoIGZpbGw9IiNGMzkxMjAiIGQ9Ik0yMy4wMTQgMjYuOTgzYy0uNDA2IDAtLjc4OS0uMjUtLjkzOS0uNjUzLS4xOTEtLjUxOS4wNzQtMS4wOTQuNTkyLTEuMjg1IDUuNDc3LTIuMDIzIDEyLjE2MS0uMTg5IDEyLjQ1LS4xMDguNTMyLjE0OC44NDMuNjk5LjY5NSAxLjIzLS4xNDYuNTMyLS42OTcuODQzLTEuMjI5LjY5Ny0uMDY0LS4wMTgtNi4zNTgtMS43MzktMTEuMjIzLjA1OC0uMTE0LjA0Mi0uMjMxLjA2MS0uMzQ2LjA2MXpNMS45ODggMzEuOTM1Yy4yNzcgMCAuNTUzLS4xMTUuNzUxLS4zMzkuMDMtLjAzNSAzLjE4MS0zLjUwMiAxMC40MS00LjYyNC41NDYtLjA4NS45Mi0uNTk2LjgzNS0xLjE0Mi0uMDg1LS41NDYtLjU5Ny0uOTE1LTEuMTQyLS44MzUtLjM2Ni4wNTctLjcyNC4xMTktMS4wNzIuMTg3LTcuMjQyIDEuNDA0LTEwLjM5OSA0LjkzOS0xMC41MzYgNS4wOTYtLjM2Mi40MTYtLjMxOSAxLjA0OC4wOTcgMS40MTEuMTkuMTY1LjQyNC4yNDYuNjU3LjI0NnoiLz48cGF0aCBmaWxsPSIjRjM5MTIwIiBkPSJNMTIuOTk2IDI2Ljk4M2MuNDA2IDAgLjc4OS0uMjUuOTM4LS42NTMuMTkxLS41MTktLjA3NC0xLjA5NC0uNTkyLTEuMjg1LTUuNDc3LTIuMDIzLTEyLjE2MS0uMTg5LTEyLjQ1LS4xMDgtLjUzMi4xNDgtLjg0My42OTktLjY5NSAxLjIzLjE0Ni41MzIuNjk3Ljg0MyAxLjIyOS42OTcuMDY0LS4wMTggNi4zNTgtMS43MzkgMTEuMjIzLjA1OC4xMTUuMDQyLjIzMi4wNjEuMzQ3LjA2MXoiLz48L3N2Zz4=\" alt=\"\" class=\"emoji-icon\" style=\"vertical-align: text-top;\">', '2022-08-12 12:33:58', '2022-08-12 12:33:58');
INSERT INTO `mg_comments` VALUES ('a5556dc5-5dd4-4d61-ba47-75782e7aeead', '14b7e534-ef61-4907-a7dc-9349bb1a3481', 'vue自定义指令loading', '0', '1', '吴彦祖', 'https://marketplace.canva.cn/EAEsSrIavXA/2/0/1600w/canva-lqyXLROcj-k.jpg', '', '', '', '大佬抱歉，给你弄了俩不能播放的音乐，还不能删除...', '2022-06-16 20:36:35', '2022-06-16 20:36:35');
INSERT INTO `mg_comments` VALUES ('a6a432ed-0b6d-4129-bf11-6b9bbc65eafb', '14b7e534-ef61-4907-a7dc-9349bb1a3481', 'vue自定义指令loading', '0', '1', '吴彦祖', 'https://marketplace.canva.cn/EAEsSrIavXA/2/0/1600w/canva-lqyXLROcj-k.jpg', '', '', '', '2412', '2022-08-24 19:46:10', '2022-08-24 19:46:10');
INSERT INTO `mg_comments` VALUES ('a89ad5f3-17bd-405e-a059-fb4ec00e28d1', '14b7e534-ef61-4907-a7dc-9349bb1a3481', 'vue自定义指令loading', '9f6f85a6-8a5f-4e70-b27c-a8893a3ce05d', '1', 'Jean', 'https://joeschmoe.io/api/v1/male/jean', '1', 'Jean', 'https://joeschmoe.io/api/v1/male/jean', 'cessss', '2022-10-18 14:39:01', '2022-10-18 14:39:01');
INSERT INTO `mg_comments` VALUES ('ae9b876c-f0b5-4bd7-999c-ff7025833590', '5e1ef819-0003-4621-a0e2-be1da6ae3695', 'uniapp微信小程序弹窗强制更新版本', 'c7a91501-ab49-4d10-9a5c-022ef70aab02', '1', 'Jean', 'https://joeschmoe.io/api/v1/male/jean', '1', 'Jake', 'https://joeschmoe.io/api/v1/male/jake', '667', '2022-10-23 22:11:22', '2022-10-23 22:11:22');
INSERT INTO `mg_comments` VALUES ('aefa1ffb-84c1-4a7f-a2a5-8ef5d4b10e3e', '14b7e534-ef61-4907-a7dc-9349bb1a3481', 'vue自定义指令loading', '4daf923c-a418-47bc-95a7-77756294089f', '1', 'Jean', 'https://joeschmoe.io/api/v1/male/jean', '1', 'Jean', 'https://joeschmoe.io/api/v1/male/jean', '123123', '2022-10-18 15:41:37', '2022-10-18 15:41:37');
INSERT INTO `mg_comments` VALUES ('af55cd4f-a79e-4b28-9449-aa59cbf7de6a', '32737ff6-ca18-49f4-b8f9-1c942e7b9617', '新的 CSS 伪类函数 :is() 和 :where()', '0', '1', '吴彦祖', 'https://encrypted-tbn0.gstatic.com/images?q=tbn:ANd9GcRXSYITOSgSQdTv0Z_Z0KkvwWsBMwadCA2PRA&usqp=CAU', '', '', '', '1', '2022-09-20 15:36:18', '2022-09-20 15:36:18');
INSERT INTO `mg_comments` VALUES ('b21978ca-9c35-4412-811e-0c79cf382935', '0694183b-538c-4680-9822-399b07fd143f', '关于本项目Tinymce报错', '0', '1', '吴彦祖', 'https://marketplace.canva.cn/EAEsSrIavXA/2/0/1600w/canva-lqyXLROcj-k.jpg', '', '', '', 'sadadsa', '2022-07-22 14:39:10', '2022-07-22 14:39:10');
INSERT INTO `mg_comments` VALUES ('b56ee681-eebd-432f-ace0-aae3f8c20b09', '14b7e534-ef61-4907-a7dc-9349bb1a3481', 'vue自定义指令loading', '4daf923c-a418-47bc-95a7-77756294089f', '1', '彭于晏', 'https://p3-search.byteimg.com/img/pgc-image/1264cf7847aa40d3bcea0de7051a12c1~cs_640x640.JPEG', '1', '吴彦祖', 'https://marketplace.canva.cn/EAEsSrIavXA/2/0/1600w/canva-lqyXLROcj-k.jpg', '123', '2022-06-16 20:10:33', '2022-06-16 20:10:33');
INSERT INTO `mg_comments` VALUES ('b643577b-b3f1-4c52-83a6-13d726b900a6', '10486e3a-1579-47f6-a549-671529776450', '解决 npm install 卡死不动？', '0', '1', '吴彦祖', 'https://marketplace.canva.cn/EAEsSrIavXA/2/0/1600w/canva-lqyXLROcj-k.jpg', '', '', '', '666', '2022-06-16 20:01:49', '2022-06-16 20:01:49');
INSERT INTO `mg_comments` VALUES ('b6828075-5ea4-47c3-9d79-71c2bdbfdb99', '6b57b52a-2f63-49ca-aa13-c2edc7aae8ba', '防抖和节流', '0', '1', '吴彦祖', 'https://marketplace.canva.cn/EAEsSrIavXA/2/0/1600w/canva-lqyXLROcj-k.jpg', '', '', '', '??', '2022-07-06 20:47:15', '2022-07-06 20:47:15');
INSERT INTO `mg_comments` VALUES ('b7d1837c-fd38-4a18-a7d0-aeaa3aaa7092', '10486e3a-1579-47f6-a549-671529776450', '解决 npm install 卡死不动？', '0', '1', '吴彦祖', 'https://marketplace.canva.cn/EAEsSrIavXA/2/0/1600w/canva-lqyXLROcj-k.jpg', '', '', '', '111', '2022-07-27 09:43:55', '2022-07-27 09:43:55');
INSERT INTO `mg_comments` VALUES ('b7f1fc00-1cfd-48fc-acaa-86aae7db97c9', '1c42d541-ed6f-447b-998e-ade64ba10eeb', 'navicat建立数据库 运行sql文件 加载数据表', '0', '1', '吴彦祖', 'https://marketplace.canva.cn/EAEsSrIavXA/2/0/1600w/canva-lqyXLROcj-k.jpg', '', '', '', '阿萨飒飒', '2022-05-14 14:44:26', '2022-05-14 14:44:26');
INSERT INTO `mg_comments` VALUES ('bb29909d-ba98-472e-bd67-ae95be21d03b', '14b7e534-ef61-4907-a7dc-9349bb1a3481', 'vue自定义指令loading', '4daf923c-a418-47bc-95a7-77756294089f', '1', 'Jean', 'https://joeschmoe.io/api/v1/male/jean', '1', 'Jean', 'https://joeschmoe.io/api/v1/male/jean', 'sda', '2022-10-09 14:29:10', '2022-10-09 14:29:10');
INSERT INTO `mg_comments` VALUES ('be39bb77-5e83-4a55-957b-a7c9fccf3321', '0694183b-538c-4680-9822-399b07fd143f', '关于本项目Tinymce报错', '0', '1', '吴彦祖', 'https://marketplace.canva.cn/EAEsSrIavXA/2/0/1600w/canva-lqyXLROcj-k.jpg', '', '', '', 'dsadsa', '2022-07-22 14:39:14', '2022-07-22 14:39:14');
INSERT INTO `mg_comments` VALUES ('c1393e02-2e25-459b-9957-4cf6ab5878e4', '6b57b52a-2f63-49ca-aa13-c2edc7aae8ba', '防抖和节流', '0', '1', '吴彦祖', 'https://marketplace.canva.cn/EAEsSrIavXA/2/0/1600w/canva-lqyXLROcj-k.jpg', '', '', '', '666<img data-v-7c9572d1=\"\" width=\"20\" height=\"20\" src=\"data:image/svg+xml;base64,PHN2ZyB4bWxucz0iaHR0cDovL3d3dy53My5vcmcvMjAwMC9zdmciIHZpZXdCb3g9IjAgMCAzNiAzNiI+PHBhdGggZmlsbD0iI0ZGREM1RCIgZD0iTTUgMjFjMCAyLjIwOS0xLjExOSA0LTIuNSA0UzAgMjMuMjA5IDAgMjFzMS4xMTktNCAyLjUtNFM1IDE4Ljc5MSA1IDIxeiIvPjxwYXRoIGZpbGw9IiNGRkRDNUQiIGQ9Ik0zIDE4LjU2MkMzIDEwLjAzNyA4LjM3MyAzLjEyNSAxNSAzLjEyNXMxMiA2LjkxMiAxMiAxNS40MzhDMjcgMjcuMDg4IDIxLjYyNyAzNCAxNSAzNFMzIDI3LjA4OCAzIDE4LjU2MnoiLz48cGF0aCBmaWxsPSIjREQyRTQ0IiBkPSJNMjAgMGMtLjI0OSAwLS40NzguMDA3LS43MTMuMDEyQzE5LjE5LjAxIDE5LjA5NyAwIDE5IDAgOSAwIDIgNC41ODIgMiA5czYuMzczIDQgMTMgNGM0LjQ0MiAwIDcuNjQ4IDAgOS45NjYtLjA4NkwyNSAxM2w2IDE1aDJzLjM0My0zLjA1NSAxLTdjMS02IC41MzMtMjEtMTQtMjF6Ii8+PHBhdGggZmlsbD0iI0ZGREM1RCIgZD0iTTMwIDIxYzAgMi4yMDktMS4xMTkgNC0yLjUgNFMyNSAyMy4yMDkgMjUgMjFzMS4xMTktNCAyLjUtNCAyLjUgMS43OTEgMi41IDR6Ii8+PHBhdGggZmlsbD0iIzY2MjExMyIgZD0iTTEwIDIxYy0uNTUyIDAtMS0uNDQ3LTEtMXYtMmMwLS41NTIuNDQ4LTEgMS0xczEgLjQ0OCAxIDF2MmMwIC41NTMtLjQ0OCAxLTEgMXptMTAgMGMtLjU1MyAwLTEtLjQ0Ny0xLTF2LTJjMC0uNTUyLjQ0Ny0xIDEtMXMxIC40NDggMSAxdjJjMCAuNTUzLS40NDcgMS0xIDF6Ii8+PHBhdGggZmlsbD0iI0I3NzU1RSIgZD0iTTE2IDI2aC0yYy0uNTUyIDAtMS0uNDQ3LTEtMXMuNDQ4LTEgMS0xaDJjLjU1MiAwIDEgLjQ0NyAxIDFzLS40NDggMS0xIDF6Ii8+PHBhdGggZmlsbD0iI0U2RTdFOCIgZD0iTTI3IDI1YzAtMi0yLjI5My0uNzA3LTMgMC0xIDEtMyAzLTUgMi0yLjgyOC0xLjQxNC00LTEtNC0xcy0xLjE3MS0uNDE0LTQgMWMtMiAxLTQtMS01LTItLjcwNy0uNzA3LTMtMi0zIDBzMSAyIDEgMmMtMSAyIDEgMyAxIDMgMCAzIDMgMyAzIDMgMCAzIDQgMiA0IDIgMSAxIDMgMSAzIDFzMiAwIDMtMWMwIDAgNCAxIDQtMiAwIDAgMyAwIDMtMyAwIDAgMi0xIDEtMyAwIDAgMSAwIDEtMnoiLz48cGF0aCBmaWxsPSIjRkZEQzVEIiBkPSJNMTUgMjhjNyAwIDQgMiAwIDJzLTctMiAwLTJ6Ii8+PGVsbGlwc2UgZmlsbD0iI0QxRDNENCIgY3g9IjMiIGN5PSIxNCIgcng9IjIiIHJ5PSI0Ii8+PGVsbGlwc2UgZmlsbD0iI0QxRDNENCIgY3g9IjI2IiBjeT0iMTQiIHJ4PSIyIiByeT0iNCIvPjxjaXJjbGUgZmlsbD0iI0YxRjJGMiIgY3g9IjMyIiBjeT0iMjkiIHI9IjQiLz48cGF0aCBmaWxsPSIjRjFGMkYyIiBkPSJNMjkgMTJjMCAxLjEwNC0uODk2IDItMiAySDJjLTEuMTA0IDAtMi0uODk2LTItMnYtMWMwLTEuMTA0Ljg5Ni0yIDItMmgyNWMxLjEwNCAwIDIgLjg5NiAyIDJ2MXoiLz48L3N2Zz4=\" alt=\"\" class=\"emoji-icon\" style=\"vertical-align: text-top;\">', '2022-07-21 16:19:42', '2022-07-21 16:19:42');
INSERT INTO `mg_comments` VALUES ('c171c6e2-68d3-43f9-b116-5f5edc7397fb', '6b57b52a-2f63-49ca-aa13-c2edc7aae8ba', '防抖和节流', '0', '1', '吴彦祖', 'https://marketplace.canva.cn/EAEsSrIavXA/2/0/1600w/canva-lqyXLROcj-k.jpg', '', '', '', '666', '2022-07-15 15:57:16', '2022-07-15 15:57:16');
INSERT INTO `mg_comments` VALUES ('c72b2789-edb6-4bc4-b843-15f13a6cd905', '21b9f626-b6e3-4dab-9e04-f088e8d6df03', '测试的啊', '0', '1', '吴彦祖', 'https://marketplace.canva.cn/EAEsSrIavXA/2/0/1600w/canva-lqyXLROcj-k.jpg', '', '', '', '111', '2022-05-16 14:08:23', '2022-05-16 14:08:23');
INSERT INTO `mg_comments` VALUES ('c7a91501-ab49-4d10-9a5c-022ef70aab02', '5e1ef819-0003-4621-a0e2-be1da6ae3695', 'uniapp微信小程序弹窗强制更新版本', '0', '1', 'Jake', 'https://joeschmoe.io/api/v1/male/jake', '', '', '', '666', '2022-10-23 22:11:09', '2022-10-23 22:11:09');
INSERT INTO `mg_comments` VALUES ('cd3ddf69-5a25-4f95-9e73-430800656851', '5e1ef819-0003-4621-a0e2-be1da6ae3695', 'uniapp微信小程序弹窗强制更新版本', '0', '1', 'Jake', 'https://joeschmoe.io/api/v1/male/jake', '', '', '', '测试评论', '2022-10-17 00:36:56', '2022-10-17 00:36:56');
INSERT INTO `mg_comments` VALUES ('cdc162ec-5493-415c-a995-c6ccf966c5e9', 'aee3edea-add2-46b3-834f-832476967101', '关于vue.config.js 的 proxy 配置', '0', '1', '吴彦祖', 'https://marketplace.canva.cn/EAEsSrIavXA/2/0/1600w/canva-lqyXLROcj-k.jpg', '', '', '', '131312', '2022-05-23 11:44:20', '2022-05-23 11:44:20');
INSERT INTO `mg_comments` VALUES ('d3b120cb-5515-4a3a-b8e4-1c7bbc9254df', '1c42d541-ed6f-447b-998e-ade64ba10eeb', 'navicat建立数据库 运行sql文件 加载数据表', '0', '1', '吴彦祖', 'https://marketplace.canva.cn/EAEsSrIavXA/2/0/1600w/canva-lqyXLROcj-k.jpg', '', '', '', '，厉害！', '2022-05-25 23:21:23', '2022-05-25 23:21:23');
INSERT INTO `mg_comments` VALUES ('d43e5d1c-b796-460a-84b8-13c12d9ff353', '14b7e534-ef61-4907-a7dc-9349bb1a3481', 'vue自定义指令loading', '4daf923c-a418-47bc-95a7-77756294089f', '1', 'Jean', 'https://joeschmoe.io/api/v1/male/jean', '1', '吴彦祖', 'https://marketplace.canva.cn/EAEsSrIavXA/2/0/1600w/canva-lqyXLROcj-k.jpg', '321', '2022-10-17 15:06:23', '2022-10-17 15:06:23');
INSERT INTO `mg_comments` VALUES ('d4c294cb-453c-42bb-b493-291079a2dcb0', '2a714d62-8019-431e-bc49-7914092f34be', 'VUE：自定义组件的 v-model', 'fb9956b8-fc3c-4396-8574-f6287fa1c965', '1', 'Jean', 'https://joeschmoe.io/api/v1/male/jean', '1', '彭于晏', 'https://ci.xiaohongshu.com/9c287080-630d-33ad-a988-76a8cf21e152?imageView2/2/w/540/format/jpg', '<img data-v-7c9572d1=\"\" width=\"20\" height=\"20\" src=\"data:image/svg+xml;base64,PHN2ZyB4bWxucz0iaHR0cDovL3d3dy53My5vcmcvMjAwMC9zdmciIHZpZXdCb3g9IjAgMCAzNiAzNiI+PHBhdGggZmlsbD0iI0VGOTY0NSIgZD0iTTI0Ljk5NyAyOC41Yy0xLjE4NSAwLTIuMjM3LS44NDYtMi40NTctMi4wNTNsLTQtMjJjLS4yNDctMS4zNTguNjU0LTIuNjYgMi4wMTItMi45MDcgMS4zNTgtLjI1MSAyLjY2LjY1NCAyLjkwNyAyLjAxMmw0IDIyYy4yNDcgMS4zNTgtLjY1NCAyLjY2LTIuMDEzIDIuOTA3LS4xNS4wMjgtLjMuMDQxLS40NDkuMDQxeiIvPjxwYXRoIGZpbGw9IiNGRkRDNUQiIGQ9Ik0yOC4zNzUgMjQuNzY1Yy4yMzktLjc0NS4xMy0xLjU5MS0uMzc1LTIuMjY1LS4wNTktLjA3OC0uNDQtLjU4NS0xLjAxNy0xLjM0LjAwNS0uMDUyLjAxNy0uMTEyLjAxNy0uMTYgMC0uNDU4LTEuOTEzLTIuNjIzLTMuNzQtNC41ODYtMS41ODctMS45NjUtMy4yNjEtMy45NTEtNC40OTItNS4xODJsLTEuMjc0LTEuMjc0LTEuNjEyLjgwNmMtNS43MTggMi44NTktOC42NDcgMy44NTUtOC42NzIgMy44NjQtMS4zMS40MzctMi4wMTggMS44NTItMS41ODEgMy4xNjIuNDM3IDEuMzEgMS44NTIgMi4wMTUgMy4xNjIgMS41ODIuMTE3LS4wMzkgMi42NjYtLjg5OSA3LjY1LTMuMzExIDEuMDk0IDEuMjMgMi4zNzggMi43OTUgMy41NzQgNC4yOTZsLjcwNCAxLjE3NGMuMTY5LjI4Mi4xNDYuNjM5LS4wNjEuODk2bC0zLjUxMyA0LjM5MmMtLjA5NS4xMTktLjIyMi4yMDctLjM2NS4yNTVsLTIuNTMxLjg0NGMtLjE2MS4wNTQtLjMzNi4wNTQtLjQ5NyAwbC00LjczLTEuNTc2Yy0uNjc2LTIuMDgyLS41MzMtNC4xMDItLjUzMS00LjEyNC4xMi0xLjM3Ni0uODk5LTIuNTg4LTIuMjc0LTIuNzA3LTEuMzcyLS4xMjgtMi41ODcuODk3LTIuNzA3IDIuMjczLS4wMjIuMjYxLS41MSA2LjQyNCAzLjMxMyAxMC41OTQgMi4yMDggMi40MDggNS4yOTYgMy42MyA5LjE3OCAzLjYzLjY2IDAgMS4yODMuMDA5IDEuODcxLjAxOC41MjkuMDA4IDEuMDQyLjAxNiAxLjUzNy4wMTYgMi43NjQgMCA1LjAwNC0uMjMxIDYuNzM4LTEuOTQxIDEuNjQ5LTEuNjI2IDIuMzU0LTQuMTk1IDIuMzU0LTguNTkyLS4wMDEtLjI2My0uMDUyLS41MDgtLjEyNi0uNzQ0eiIvPjxwYXRoIGZpbGw9IiNFRjk2NDUiIGQ9Ik0yNy4wMDEgMjFjLS4zODQgMC0uNzQ5LS4yMjEtLjkxNS0uNTk0bC00LTljLS4yMjQtLjUwNS4wMDMtMS4wOTYuNTA4LTEuMzIuNTA2LS4yMjYgMS4wOTYuMDAzIDEuMzIuNTA3bDQgOWMuMjI0LjUwNS0uMDAzIDEuMDk2LS41MDggMS4zMi0uMTMyLjA2LS4yNjkuMDg3LS40MDUuMDg3eiIvPjxwYXRoIGZpbGw9IiNGRkRDNUQiIGQ9Ik0yNC43NjYgMzQuMzhsLTEuNTMxLTQuNzZzLS4wNjYuMDExLS4xNzUuMDY2Yy4wMTctLjAwOSAxLjgyMS0uOTk1IDIuNDYxLTYuMDAzLjc3NS02LjA3NS0uNzc0LTkuNi0uNzktOS42MzRsLS4wOTMtLjIzMS0zLjUtMTAuMTA0Yy0uNDUyLTEuMzA1LjIzOS0yLjcyOSAxLjU0NC0zLjE4MSAxLjMwMy0uNDUxIDIuNzI5LjI0IDMuMTgxIDEuNTQ0bDMuNDY5IDEwLjAxM2MuMzc3Ljg4NyAyLjAzNSA1LjI4NSAxLjE0OCAxMi4yMjYtMS4wNDIgOC4xNjMtNC45NDMgOS44MTYtNS43MTQgMTAuMDY0eiIvPjwvc3ZnPg==\" alt=\"\" class=\"emoji-icon\" style=\"vertical-align: text-top;\">', '2022-09-22 00:25:36', '2022-09-22 00:25:36');
INSERT INTO `mg_comments` VALUES ('d735b807-607b-4e96-a39a-557450a9936b', '1c42d541-ed6f-447b-998e-ade64ba10eeb', 'navicat建立数据库 运行sql文件 加载数据表', '0', '1', '吴彦祖', 'https://marketplace.canva.cn/EAEsSrIavXA/2/0/1600w/canva-lqyXLROcj-k.jpg', '', '', '', 'yes<div><br></div>', '2022-05-13 00:38:53', '2022-05-13 00:38:53');
INSERT INTO `mg_comments` VALUES ('d8f4f9a0-25bd-450d-a3a3-8109c1de8104', '21b9f626-b6e3-4dab-9e04-f088e8d6df03', '测试的啊', '0', '1', '吴彦祖', 'https://marketplace.canva.cn/EAEsSrIavXA/2/0/1600w/canva-lqyXLROcj-k.jpg', '', '', '', '??', '2022-05-19 11:31:31', '2022-05-19 11:31:31');
INSERT INTO `mg_comments` VALUES ('dbc5be09-9cb7-41e3-bc79-fac52b891781', '14b7e534-ef61-4907-a7dc-9349bb1a3481', 'vue自定义指令loading', '9f6f85a6-8a5f-4e70-b27c-a8893a3ce05d', '1', 'Jean', 'https://joeschmoe.io/api/v1/male/jean', '1', '吴彦祖', 'https://marketplace.canva.cn/EAEsSrIavXA/2/0/1600w/canva-lqyXLROcj-k.jpg', 'ces', '2022-10-18 14:38:45', '2022-10-18 14:38:45');
INSERT INTO `mg_comments` VALUES ('dbe786fd-e146-46e5-9af5-30aeaec3cbe8', '21b9f626-b6e3-4dab-9e04-f088e8d6df03', '测试的啊', '66939a2a-216e-4079-a196-bf00e3dee879', '1', '彭于晏', 'https://p3-search.byteimg.com/img/pgc-image/1264cf7847aa40d3bcea0de7051a12c1~cs_640x640.JPEG', '1', '吴彦祖', 'https://marketplace.canva.cn/EAEsSrIavXA/2/0/1600w/canva-lqyXLROcj-k.jpg', '而他如同', '2022-05-16 02:15:02', '2022-05-16 02:15:02');
INSERT INTO `mg_comments` VALUES ('ddf9bae6-07bc-4a0b-b6ce-a477f38f1e05', 'f80d786a-b735-42be-abdf-532d93097c17', '周兴哲 - 永不失联的爱', '0', '1', '吴彦祖', 'https://marketplace.canva.cn/EAEsSrIavXA/2/0/1600w/canva-lqyXLROcj-k.jpg', '', '', '', 'aaa', '2022-06-18 16:17:51', '2022-06-18 16:17:51');
INSERT INTO `mg_comments` VALUES ('e0f25130-8f9a-4813-917a-d65243851b2b', '10486e3a-1579-47f6-a549-671529776450', '解决 npm install 卡死不动？', '8f0acb45-1988-47d3-9c55-e8c66451385a', '1', '彭于晏', 'https://p3-search.byteimg.com/img/pgc-image/1264cf7847aa40d3bcea0de7051a12c1~cs_640x640.JPEG', '1', '吴彦祖', 'https://marketplace.canva.cn/EAEsSrIavXA/2/0/1600w/canva-lqyXLROcj-k.jpg', '999', '2022-05-29 19:04:31', '2022-05-29 19:04:31');
INSERT INTO `mg_comments` VALUES ('e7cff050-7030-4a99-ba81-fa932b485208', '5e1ef819-0003-4621-a0e2-be1da6ae3695', 'uniapp微信小程序弹窗强制更新版本', '0', '1', 'Jake', 'https://joeschmoe.io/api/v1/male/jake', '', '', '', '11', '2022-11-09 20:32:53', '2022-11-09 20:32:53');
INSERT INTO `mg_comments` VALUES ('eacc2b3f-7579-4265-8396-f4be748848af', '49bd5f91-a08a-4548-ae83-f5a66fadcab5', 'yarn超时', '0', '1', '吴彦祖', 'https://marketplace.canva.cn/EAEsSrIavXA/2/0/1600w/canva-lqyXLROcj-k.jpg', '', '', '', '123123123', '2022-07-26 11:15:27', '2022-07-26 11:15:27');
INSERT INTO `mg_comments` VALUES ('f12f4ad4-2c26-49f7-ab8d-b260d3cceeae', '49bd5f91-a08a-4548-ae83-f5a66fadcab5', 'yarn超时', '0', '1', '吴彦祖', 'https://marketplace.canva.cn/EAEsSrIavXA/2/0/1600w/canva-lqyXLROcj-k.jpg', '', '', '', '<img data-v-7c9572d1=\"\" width=\"20\" height=\"20\" src=\"data:image/svg+xml;base64,PHN2ZyB4bWxucz0iaHR0cDovL3d3dy53My5vcmcvMjAwMC9zdmciIHZpZXdCb3g9IjAgMCAzNiAzNiI+PHBhdGggZmlsbD0iI0ZGREI1RSIgZD0iTTM0Ljk1NiAxNy45MTZjMC0uNTAzLS4xMi0uOTc1LS4zMjEtMS40MDQtMS4zNDEtNC4zMjYtNy42MTktNC4wMS0xNi41NDktNC4yMjEtMS40OTMtLjAzNS0uNjM5LTEuNzk4LS4xMTUtNS42NjguMzQxLTIuNTE3LTEuMjgyLTYuMzgyLTQuMDEtNi4zODItNC40OTggMC0uMTcxIDMuNTQ4LTQuMTQ4IDEyLjMyMi0yLjEyNSA0LjY4OC02Ljg3NSAyLjA2Mi02Ljg3NSA2Ljc3MXYxMC43MTljMCAxLjgzMy4xOCAzLjU5NSAyLjc1OCAzLjg4NUM4LjE5NSAzNC4yMTkgNy42MzMgMzYgMTEuMjM4IDM2aDE4LjA0NGMxLjgzOCAwIDMuMzMzLTEuNDk2IDMuMzMzLTMuMzM0IDAtLjc2Mi0uMjY3LTEuNDU2LS42OTgtMi4wMTggMS4wMi0uNTcxIDEuNzItMS42NDkgMS43Mi0yLjg5OSAwLS43Ni0uMjY2LTEuNDU0LS42OTYtMi4wMTUgMS4wMjMtLjU3IDEuNzI1LTEuNjQ5IDEuNzI1LTIuOTAxIDAtLjkwOS0uMzY4LTEuNzMzLS45NjEtMi4zMzYuNzU3LS42MTEgMS4yNTEtMS41MzUgMS4yNTEtMi41ODF6Ii8+PHBhdGggZmlsbD0iI0VFOTU0NyIgZD0iTTIzLjAyIDIxLjI0OWg4LjYwNGMxLjE3IDAgMi4yNjgtLjYyNiAyLjg2Ni0xLjYzMy4yNDYtLjQxNS4xMDktLjk1Mi0uMzA3LTEuMTk5LS40MTUtLjI0Ny0uOTUyLS4xMDgtMS4xOTkuMzA3LS4yODMuNDc5LS44MDYuNzc1LTEuMzYxLjc3NWgtOC44MWMtLjg3MyAwLTEuNTgzLS43MS0xLjU4My0xLjU4M3MuNzEtMS41ODMgMS41ODMtMS41ODNIMjguN2MuNDgzIDAgLjg3NS0uMzkyLjg3NS0uODc1cy0uMzkyLS44NzUtLjg3NS0uODc1aC01Ljg4OGMtMS44MzggMC0zLjMzMyAxLjQ5NS0zLjMzMyAzLjMzMyAwIDEuMDI1LjQ3NSAxLjkzMiAxLjIwNSAyLjU0NC0uNjE1LjYwNS0uOTk4IDEuNDQ1LS45OTggMi4zNzMgMCAxLjAyOC40NzggMS45MzggMS4yMTIgMi41NDktLjYxMS42MDQtLjk5IDEuNDQxLS45OSAyLjM2NyAwIDEuMTIuNTU5IDIuMTA4IDEuNDA5IDIuNzEzLS41MjQuNTg5LS44NTIgMS4zNTYtLjg1MiAyLjIwNCAwIDEuODM4IDEuNDk1IDMuMzMzIDMuMzMzIDMuMzMzaDUuNDg0YzEuMTcgMCAyLjI2OS0uNjI1IDIuODY3LTEuNjMyLjI0Ny0uNDE1LjExLS45NTItLjMwNS0xLjE5OS0uNDE2LS4yNDUtLjk1My0uMTEtMS4xOTkuMzA1LS4yODUuNDc5LS44MDguNzc2LTEuMzYzLjc3NmgtNS40ODRjLS44NzMgMC0xLjU4My0uNzEtMS41ODMtMS41ODNzLjcxLTEuNTgzIDEuNTgzLTEuNTgzaDYuNTA2YzEuMTcgMCAyLjI3LS42MjYgMi44NjctMS42MzMuMjQ3LS40MTYuMTEtLjk1My0uMzA1LTEuMTk5LS40MTktLjI1MS0uOTU0LS4xMS0xLjE5OS4zMDUtLjI4OS40ODctLjc5OS43NzctMS4zNjMuNzc3aC03LjA2M2MtLjg3MyAwLTEuNTgzLS43MTEtMS41ODMtMS41ODRzLjcxLTEuNTgzIDEuNTgzLTEuNTgzaDguMDkxYzEuMTcgMCAyLjI2OS0uNjI1IDIuODY3LTEuNjMyLjI0Ny0uNDE1LjExLS45NTItLjMwNS0xLjE5OS0uNDE3LS4yNDYtLjk1My0uMTEtMS4xOTkuMzA1LS4yODkuNDg2LS43OTkuNzc2LTEuMzYzLjc3NkgyMy4wMmMtLjg3MyAwLTEuNTgzLS43MS0xLjU4My0xLjU4M3MuNzA5LTEuNTg0IDEuNTgzLTEuNTg0eiIvPjwvc3ZnPg==\" alt=\"\" class=\"emoji-icon\" style=\"vertical-align: text-top;\">', '2022-07-22 10:04:23', '2022-07-22 10:04:23');
INSERT INTO `mg_comments` VALUES ('f9fa175d-9e6c-4764-aa38-b50d1b17d749', '21b9f626-b6e3-4dab-9e04-f088e8d6df03', '测试的啊', '0', '1', '吴彦祖', 'https://marketplace.canva.cn/EAEsSrIavXA/2/0/1600w/canva-lqyXLROcj-k.jpg', '', '', '', '新风系统人的', '2022-05-16 02:14:48', '2022-05-16 02:14:48');
INSERT INTO `mg_comments` VALUES ('fb9956b8-fc3c-4396-8574-f6287fa1c965', '2a714d62-8019-431e-bc49-7914092f34be', 'VUE：自定义组件的 v-model', '0', '1', '吴彦祖', 'https://encrypted-tbn0.gstatic.com/images?q=tbn:ANd9GcRXSYITOSgSQdTv0Z_Z0KkvwWsBMwadCA2PRA&usqp=CAU', '', '', '', '123', '2022-09-16 14:10:27', '2022-09-16 14:10:27');

-- ----------------------------
-- Table structure for mg_excel
-- ----------------------------
DROP TABLE IF EXISTS `mg_excel`;
CREATE TABLE `mg_excel`  (
  `id` char(36) CHARACTER SET utf8 COLLATE utf8_bin NOT NULL DEFAULT '',
  `axi_x` int(11) NULL DEFAULT NULL COMMENT 'X轴数据',
  `axi_y` int(11) NULL DEFAULT NULL COMMENT 'Y轴数据',
  `remark` varchar(255) CHARACTER SET utf8 COLLATE utf8_general_ci NULL DEFAULT NULL COMMENT '备注',
  `createdAt` datetime NOT NULL,
  `updatedAt` datetime NOT NULL,
  PRIMARY KEY (`id`) USING BTREE
) ENGINE = InnoDB CHARACTER SET = utf8 COLLATE = utf8_general_ci ROW_FORMAT = COMPACT;

-- ----------------------------
-- Records of mg_excel
-- ----------------------------

-- ----------------------------
-- Table structure for mg_friends
-- ----------------------------
DROP TABLE IF EXISTS `mg_friends`;
CREATE TABLE `mg_friends`  (
  `id` char(36) CHARACTER SET utf8 COLLATE utf8_bin NOT NULL,
  `path` varchar(255) CHARACTER SET utf8 COLLATE utf8_general_ci NULL DEFAULT NULL COMMENT '友链地址',
  `siteName` varchar(255) CHARACTER SET utf8 COLLATE utf8_general_ci NULL DEFAULT NULL COMMENT '友链站点',
  `email` varchar(255) CHARACTER SET utf8 COLLATE utf8_general_ci NULL DEFAULT NULL COMMENT '友链邮箱',
  `desc` longtext CHARACTER SET utf8 COLLATE utf8_general_ci NULL COMMENT '友链描述',
  `createdAt` datetime NOT NULL,
  `updatedAt` datetime NOT NULL,
  PRIMARY KEY (`id`) USING BTREE
) ENGINE = InnoDB CHARACTER SET = utf8 COLLATE = utf8_general_ci ROW_FORMAT = COMPACT;

-- ----------------------------
-- Records of mg_friends
-- ----------------------------
INSERT INTO `mg_friends` VALUES ('12642dc6-7218-4ff4-9758-d9ec129c91f0', 'https://gitee.com/Z568_568/zy-express-sequelize-mysql.git', '开箱即用的 api 基础模板', '1840354092@qq.com', '集成 express sequelize swagger-ui mysql 一套开箱即用的 api 基础模板', '2022-05-28 23:05:04', '2022-05-28 23:05:04');
INSERT INTO `mg_friends` VALUES ('2c4cf5f9-7595-4d66-9b6a-fc83d3383422', 'http://www.zhouyi.run:5226/', 'mg-maple', '1840354092@qq.com', 'React版本博客、个人网站模板', '2022-06-08 13:10:27', '2022-06-08 13:10:27');
INSERT INTO `mg_friends` VALUES ('2f639041-06d5-4207-a269-d10193a3d11c', 'https://www.html.cn/create-react-app/docs/getting-started/', 'create-react-app', '1840354092@qq.com', 'Create React App 是一个官方支持的创建 React 单页应用程序的方法', '2022-06-06 13:05:46', '2022-06-06 13:06:02');
INSERT INTO `mg_friends` VALUES ('3861e7af-350a-43d8-b116-e9f4bc4cd796', 'http://www.zhouyi.run/#/', 'ZY\'blog', '1840354092@qq.com', '个人博客', '2022-04-20 21:23:25', '2022-04-20 21:33:49');
INSERT INTO `mg_friends` VALUES ('cc24f892-7b2e-4e84-b7f7-9e45c41eacdb', 'https://developer.mozilla.org/zh-CN/docs/Web/JavaScript/Reference/Global_Objects', 'JavaScript 标准', '1840354092@qq.com', 'JavaScript 中所有的标准内置对象、以及它们的方法和属性。', '2022-05-31 10:38:47', '2022-05-31 10:38:47');

-- ----------------------------
-- Table structure for mg_menus
-- ----------------------------
DROP TABLE IF EXISTS `mg_menus`;
CREATE TABLE `mg_menus`  (
  `id` int(11) NOT NULL AUTO_INCREMENT,
  `pid` int(11) NULL DEFAULT NULL COMMENT '父级ID',
  `path` varchar(255) CHARACTER SET utf8 COLLATE utf8_general_ci NULL DEFAULT NULL COMMENT '菜单路径',
  `title` varchar(255) CHARACTER SET utf8 COLLATE utf8_general_ci NULL DEFAULT NULL COMMENT '菜单标题',
  `icon` varchar(255) CHARACTER SET utf8 COLLATE utf8_general_ci NULL DEFAULT NULL COMMENT '菜单图标',
  `createdAt` datetime NOT NULL COMMENT '创建时间',
  `updatedAt` datetime NOT NULL COMMENT '更新时间',
  `lever` int(1) NOT NULL COMMENT '层级',
  `authority` varchar(255) CHARACTER SET utf8 COLLATE utf8_general_ci NULL DEFAULT NULL COMMENT '操作标识',
  PRIMARY KEY (`id`) USING BTREE
) ENGINE = InnoDB AUTO_INCREMENT = 122 CHARACTER SET = utf8 COLLATE = utf8_general_ci ROW_FORMAT = COMPACT;

-- ----------------------------
-- Records of mg_menus
-- ----------------------------
INSERT INTO `mg_menus` VALUES (2, 1, '/index', '首页', 'home', '2022-04-26 14:11:49', '2022-04-26 14:11:49', 1, '');
INSERT INTO `mg_menus` VALUES (3, 1, 'client', '客户端管理', 'universal-access', '2022-04-26 14:12:36', '2022-04-28 11:47:48', 1, '');
INSERT INTO `mg_menus` VALUES (5, 3, '/dir-sort-info', '分类管理', 'navicon', '2022-04-26 14:13:06', '2022-04-27 15:47:05', 2, '');
INSERT INTO `mg_menus` VALUES (6, 3, '/dir-friends-info', '友链管理', 'th-large', '2022-04-26 14:13:19', '2022-04-26 14:13:19', 2, '');
INSERT INTO `mg_menus` VALUES (7, 3, '/dir-website-info', '站点管理', 'th-large', '2022-04-26 14:13:35', '2022-04-26 14:13:35', 2, '');
INSERT INTO `mg_menus` VALUES (8, 3, '/dir-about-info', '博主管理', 'th-large', '2022-04-26 14:13:50', '2022-04-26 14:13:50', 2, '');
INSERT INTO `mg_menus` VALUES (9, 3, '/dir-message-info', '留言管理', 'th-large', '2022-04-26 14:14:03', '2022-04-26 14:14:03', 2, '');
INSERT INTO `mg_menus` VALUES (10, 3, '/dir-comments-info', '评论管理', 'th-large', '2022-04-26 14:14:23', '2022-04-26 14:14:23', 2, '');
INSERT INTO `mg_menus` VALUES (11, 3, '/dir-socials-info', '社交管理', 'th-large', '2022-04-26 14:14:36', '2022-04-26 14:14:36', 2, '');
INSERT INTO `mg_menus` VALUES (12, 1, 'sys', '系统管理', 'gear', '2022-04-26 14:15:37', '2022-04-28 11:47:55', 1, '');
INSERT INTO `mg_menus` VALUES (13, 12, '/code/dir-code-info', '代码生成', 'th-large', '2022-04-26 14:15:58', '2022-05-29 13:02:17', 2, 'POST /api/private/code/list');
INSERT INTO `mg_menus` VALUES (14, 12, '/users/dir-users-info', '用户管理', 'th-large', '2022-04-26 14:16:10', '2022-04-26 14:16:10', 2, '');
INSERT INTO `mg_menus` VALUES (15, 12, '/roles/dir-roles-info', '角色管理', 'th-large', '2022-04-26 14:16:23', '2022-04-26 14:16:23', 2, '');
INSERT INTO `mg_menus` VALUES (16, 12, '/menus/dir-menus-info', '菜单管理', 'th-large', '2022-04-26 14:16:35', '2022-04-26 14:16:35', 2, '');
INSERT INTO `mg_menus` VALUES (31, 3, '/dir-article-info', '博文管理', 'th-large', '2022-04-27 14:12:10', '2022-04-27 14:12:10', 2, '');
INSERT INTO `mg_menus` VALUES (32, 31, 'POST /api/private/article/create', '添加', 'th-large', '2022-04-27 14:13:58', '2022-04-27 14:14:35', 3, 'POST /api/private/article/create');
INSERT INTO `mg_menus` VALUES (33, 31, 'POST /api/private/article/list', '查询', 'th-large', '2022-04-27 14:14:23', '2022-04-27 14:16:36', 3, 'POST /api/private/article/list');
INSERT INTO `mg_menus` VALUES (34, 31, 'POST /api/private/article/update', '修改', 'th-large', '2022-04-27 14:14:59', '2022-04-27 14:14:59', 3, 'POST /api/private/article/update');
INSERT INTO `mg_menus` VALUES (35, 31, 'POST /api/private/article/delete', '删除', 'th-large', '2022-04-27 14:15:17', '2022-04-27 14:15:17', 3, 'POST /api/private/article/delete');
INSERT INTO `mg_menus` VALUES (36, 16, 'POST /api/private/menus/create', '添加', 'th-large', '2022-04-27 15:50:26', '2022-04-27 15:50:26', 3, 'POST /api/private/menus/create');
INSERT INTO `mg_menus` VALUES (37, 16, 'POST /api/private/menus/list', '查询', 'th-large', '2022-04-27 15:50:43', '2022-04-27 15:50:43', 3, 'POST /api/private/menus/list');
INSERT INTO `mg_menus` VALUES (38, 16, 'POST /api/private/menus/delete', '删除', 'th-large', '2022-04-27 15:51:10', '2022-04-27 15:51:10', 3, 'POST /api/private/menus/delete');
INSERT INTO `mg_menus` VALUES (39, 16, 'POST /api/private/menus/update', '更新', 'th-large', '2022-04-27 15:51:28', '2022-04-27 15:51:28', 3, 'POST /api/private/menus/update');
INSERT INTO `mg_menus` VALUES (40, 15, 'POST /api/private/roles/update', '更新', 'th-large', '2022-04-27 15:52:04', '2022-04-27 15:53:55', 3, 'POST /api/private/roles/update');
INSERT INTO `mg_menus` VALUES (41, 15, 'POST /api/private/roles/list', '查询', 'th-large', '2022-04-27 15:52:37', '2022-04-27 15:52:37', 3, 'POST /api/private/roles/list');
INSERT INTO `mg_menus` VALUES (42, 15, 'POST /api/private/roles/delete', '删除', 'th-large', '2022-04-27 15:52:59', '2022-04-27 15:52:59', 3, 'POST /api/private/roles/delete');
INSERT INTO `mg_menus` VALUES (43, 15, 'POST /api/private/roles/create', '添加', 'th-large', '2022-04-27 15:54:15', '2022-04-27 15:54:15', 3, 'POST /api/private/roles/create');
INSERT INTO `mg_menus` VALUES (44, 14, 'POST /api/private/users/create', '添加', 'th-large', '2022-04-27 15:54:43', '2022-04-27 15:54:43', 3, 'POST /api/private/users/create');
INSERT INTO `mg_menus` VALUES (45, 14, 'POST /api/private/users/list', '查询', 'th-large', '2022-04-27 15:55:13', '2022-04-27 15:55:13', 3, 'POST /api/private/users/list');
INSERT INTO `mg_menus` VALUES (46, 14, 'POST /api/private/users/delete', '删除', 'th-large', '2022-04-27 15:55:34', '2022-04-27 15:55:34', 3, 'POST /api/private/users/delete');
INSERT INTO `mg_menus` VALUES (47, 14, 'POST /api/private/users/update', '更新', 'th-large', '2022-04-27 15:55:55', '2022-04-27 15:55:55', 3, 'POST /api/private/users/update');
INSERT INTO `mg_menus` VALUES (48, 5, 'POST /api/private/sort/update', '更新', 'navicon', '2022-04-27 15:56:27', '2022-04-27 15:56:27', 3, 'POST /api/private/sort/update');
INSERT INTO `mg_menus` VALUES (49, 5, 'POST /api/private/sort/list', '查询', 'navicon', '2022-04-27 15:56:45', '2022-04-27 15:56:45', 3, 'POST /api/private/sort/list');
INSERT INTO `mg_menus` VALUES (50, 5, 'POST /api/private/sort/create', '添加', 'navicon', '2022-04-27 15:57:08', '2022-04-27 15:57:08', 3, 'POST /api/private/sort/create');
INSERT INTO `mg_menus` VALUES (51, 5, 'POST /api/private/sort/delete', '删除', 'navicon', '2022-04-27 15:58:06', '2022-04-27 15:58:06', 3, 'POST /api/private/sort/delete');
INSERT INTO `mg_menus` VALUES (52, 6, 'POST /api/private/friends/delete', '删除', 'th-large', '2022-04-27 15:58:30', '2022-04-27 15:58:30', 3, 'POST /api/private/friends/delete');
INSERT INTO `mg_menus` VALUES (53, 6, 'POST /api/private/friends/create', '添加', 'th-large', '2022-04-27 15:59:05', '2022-04-27 15:59:05', 3, 'POST /api/private/friends/create');
INSERT INTO `mg_menus` VALUES (54, 6, 'POST /api/private/friends/update', '更新', 'th-large', '2022-04-27 15:59:34', '2022-04-27 15:59:34', 3, 'POST /api/private/friends/update');
INSERT INTO `mg_menus` VALUES (55, 6, 'POST /api/private/friends/list', '查询', 'th-large', '2022-04-27 15:59:52', '2022-04-27 15:59:52', 3, 'POST /api/private/friends/list');
INSERT INTO `mg_menus` VALUES (56, 7, 'POST /api/private/website/list', '查询', 'th-large', '2022-04-27 16:00:22', '2022-04-27 16:00:22', 3, 'POST /api/private/website/list');
INSERT INTO `mg_menus` VALUES (57, 7, 'POST /api/private/website/create', '添加', 'th-large', '2022-04-27 16:00:42', '2022-04-27 16:00:42', 3, 'POST /api/private/website/create');
INSERT INTO `mg_menus` VALUES (58, 7, 'POST /api/private/website/delete', '删除', 'th-large', '2022-04-27 16:01:06', '2022-04-27 16:01:06', 3, 'POST /api/private/website/delete');
INSERT INTO `mg_menus` VALUES (59, 7, 'POST /api/private/website/update', '更新', 'th-large', '2022-04-27 16:01:29', '2022-04-27 16:01:29', 3, 'POST /api/private/website/update');
INSERT INTO `mg_menus` VALUES (60, 8, 'POST /api/private/about/delete', '删除', 'th-large', '2022-04-27 16:01:56', '2022-04-27 16:01:56', 3, 'POST /api/private/about/delete');
INSERT INTO `mg_menus` VALUES (61, 8, 'POST /api/private/about/list', '查询', 'th-large', '2022-04-27 16:02:16', '2022-04-27 16:02:16', 3, 'POST /api/private/about/list');
INSERT INTO `mg_menus` VALUES (62, 8, 'POST /api/private/about/create', '添加', 'th-large', '2022-04-27 16:02:44', '2022-04-27 16:02:44', 3, 'POST /api/private/about/create');
INSERT INTO `mg_menus` VALUES (63, 8, 'POST /api/private/about/update', '更新', 'th-large', '2022-04-27 16:03:03', '2022-04-27 16:03:03', 3, 'POST /api/private/about/update');
INSERT INTO `mg_menus` VALUES (64, 9, 'POST /api/private/message/update', '更新', 'th-large', '2022-04-27 16:03:36', '2022-04-27 16:03:36', 3, 'POST /api/private/message/update');
INSERT INTO `mg_menus` VALUES (65, 9, 'POST /api/private/message/list', '查询', 'th-large', '2022-04-27 16:03:56', '2022-04-27 16:03:56', 3, 'POST /api/private/message/list');
INSERT INTO `mg_menus` VALUES (66, 9, 'POST /api/private/message/delete', '删除', 'th-large', '2022-04-27 16:05:20', '2022-04-27 16:05:20', 3, 'POST /api/private/message/delete');
INSERT INTO `mg_menus` VALUES (67, 9, 'POST /api/private/message/create', '添加', 'th-large', '2022-04-27 16:05:40', '2022-04-27 16:05:40', 3, 'POST /api/private/message/create');
INSERT INTO `mg_menus` VALUES (68, 10, 'POST /api/private/comments/create', '创建', 'th-large', '2022-04-27 16:05:59', '2022-04-27 16:05:59', 3, 'POST /api/private/comments/create');
INSERT INTO `mg_menus` VALUES (69, 10, 'POST /api/private/comments/list', '查询', 'th-large', '2022-04-27 16:06:18', '2022-04-27 16:06:18', 3, 'POST /api/private/comments/list');
INSERT INTO `mg_menus` VALUES (70, 10, 'POST /api/private/comments/delete', '删除', 'th-large', '2022-04-27 16:06:57', '2022-04-27 16:06:57', 3, 'POST /api/private/comments/delete');
INSERT INTO `mg_menus` VALUES (71, 10, 'POST /api/private/comments/update', '更新', 'th-large', '2022-04-27 16:08:48', '2022-04-27 16:08:48', 3, 'POST /api/private/comments/update');
INSERT INTO `mg_menus` VALUES (72, 11, 'POST /api/private/socials/update', '更新', 'th-large', '2022-04-27 16:09:21', '2022-04-27 16:09:21', 3, 'POST /api/private/socials/update');
INSERT INTO `mg_menus` VALUES (73, 11, 'POST /api/private/socials/list', '查询', 'th-large', '2022-04-27 16:10:19', '2022-04-27 16:10:19', 3, 'POST /api/private/socials/list');
INSERT INTO `mg_menus` VALUES (74, 11, 'POST /api/private/socials/delete', '删除', 'th-large', '2022-04-27 16:10:39', '2022-04-27 16:10:39', 3, 'POST /api/private/socials/delete');
INSERT INTO `mg_menus` VALUES (75, 11, 'POST /api/private/socials/create', '添加', 'th-large', '2022-04-27 16:10:58', '2022-04-27 16:10:58', 3, 'POST /api/private/socials/create');
INSERT INTO `mg_menus` VALUES (80, 12, '/icon/list', '图标列表', 'gear', '2022-04-28 12:08:51', '2022-04-28 12:15:09', 2, '');
INSERT INTO `mg_menus` VALUES (81, 3, '/dir-musics-info', '音乐管理', 'universal-access', '2022-05-02 23:11:26', '2022-05-02 23:11:26', 2, '');
INSERT INTO `mg_menus` VALUES (82, 81, 'POST /api/private/musics/list', '查询', 'universal-access', '2022-05-02 23:12:10', '2022-05-02 23:12:10', 3, 'POST /api/private/musics/list');
INSERT INTO `mg_menus` VALUES (83, 81, 'POST /api/private/musics/create', '添加', 'universal-access', '2022-05-02 23:14:18', '2022-05-02 23:14:18', 3, 'POST /api/private/musics/create');
INSERT INTO `mg_menus` VALUES (84, 81, 'POST /api/private/musics/delete', '删除', 'universal-access', '2022-05-02 23:14:42', '2022-05-02 23:14:42', 3, 'POST /api/private/musics/delete');
INSERT INTO `mg_menus` VALUES (85, 81, 'POST /api/private/musics/update', '更新', 'universal-access', '2022-05-02 23:15:04', '2022-05-02 23:15:04', 3, 'POST /api/private/musics/update');
INSERT INTO `mg_menus` VALUES (86, 3, '/dir-tags-info', '标签管理', 'universal-access', '2022-05-07 17:13:30', '2022-05-07 17:13:30', 2, '');
INSERT INTO `mg_menus` VALUES (87, 86, 'POST /api/private/tags/list', '查询', 'universal-access', '2022-05-07 17:15:08', '2022-05-07 17:15:08', 3, 'POST /api/private/tags/list');
INSERT INTO `mg_menus` VALUES (88, 86, 'POST /api/private/tags/create', '增加', 'universal-access', '2022-05-07 17:15:37', '2022-05-07 17:15:37', 3, 'POST /api/private/tags/create');
INSERT INTO `mg_menus` VALUES (89, 86, 'POST /api/private/tags/delete', '删除', 'universal-access', '2022-05-07 17:15:52', '2022-05-07 17:15:52', 3, 'POST /api/private/tags/delete');
INSERT INTO `mg_menus` VALUES (90, 86, 'POST /api/private/tags/update', '修改', 'universal-access', '2022-05-07 17:16:06', '2022-05-07 17:16:06', 3, 'POST /api/private/tags/update');
INSERT INTO `mg_menus` VALUES (91, 9, 'POST /api/private/message/replyMsg', '回复', 'th-large', '2022-05-08 13:53:55', '2022-05-08 13:53:55', 3, 'POST /api/private/message/replyMsg');
INSERT INTO `mg_menus` VALUES (92, 14, 'POST /api/private/users/reset', '重置密码', 'low-vision', '2022-05-13 21:05:38', '2022-05-13 21:05:38', 3, 'POST /api/private/users/reset');
INSERT INTO `mg_menus` VALUES (93, 15, 'POST /api/private/roles/one', '角色详情', 'th-large', '2022-05-29 12:57:12', '2022-05-29 12:57:12', 3, 'POST /api/private/roles/one');
INSERT INTO `mg_menus` VALUES (94, 13, 'POST /api/private/code/one', '表详情', 'th-large', '2022-05-29 13:08:11', '2022-05-29 13:08:11', 3, 'POST /api/private/code/one');
INSERT INTO `mg_menus` VALUES (95, 12, '/visitor/dir-visitor-info', '访客管理', 'gear', '2022-06-18 17:02:55', '2022-06-18 17:02:55', 2, '');
INSERT INTO `mg_menus` VALUES (96, 95, 'POST /api/private/visitor/list', '查询', 'gear', '2022-06-18 17:03:17', '2022-06-18 17:03:17', 3, 'POST /api/private/visitor/list');
INSERT INTO `mg_menus` VALUES (97, 12, '/analysis/proAnalysis/dir-proanalysis-info', '数据分析', 'bar-chart', '2022-06-21 23:34:14', '2022-06-24 17:48:25', 2, '');
INSERT INTO `mg_menus` VALUES (98, 97, 'POST /api/private/analysis/list', '查询', 'bar-chart', '2022-06-21 23:35:12', '2022-06-21 23:35:12', 3, 'POST /api/private/analysis/list');
INSERT INTO `mg_menus` VALUES (99, 97, 'POST /api/private/analysis/create', '增加', 'bar-chart', '2022-06-21 23:35:40', '2022-06-21 23:35:40', 3, 'POST /api/private/analysis/create');
INSERT INTO `mg_menus` VALUES (100, 97, 'POST /api/private/analysis/delete', '删除', 'bar-chart', '2022-06-21 23:36:07', '2022-06-21 23:36:07', 3, 'POST /api/private/analysis/delete');
INSERT INTO `mg_menus` VALUES (101, 97, 'POST /api/private/analysis/update', '更新', 'bar-chart', '2022-06-21 23:36:31', '2022-06-21 23:36:31', 3, 'POST /api/private/analysis/update');
INSERT INTO `mg_menus` VALUES (102, 97, 'POST /api/private/analysis/downloadTemplate', '模板下载', 'bar-chart', '2022-06-21 23:36:57', '2022-06-22 17:06:22', 3, 'POST /api/private/analysis/downloadTemplate');
INSERT INTO `mg_menus` VALUES (103, 97, 'POST /api/private/analysis/importExcel', '导入表格', 'bar-chart', '2022-06-21 23:37:18', '2022-06-22 00:02:43', 3, 'POST /api/private/analysis/importExcel');
INSERT INTO `mg_menus` VALUES (104, 97, 'POST /api/private/analysis/exportExcel', '导出', 'bar-chart', '2022-06-22 15:59:54', '2022-06-22 15:59:54', 3, 'POST /api/private/analysis/exportExcel');
INSERT INTO `mg_menus` VALUES (105, 97, 'POST /api/private/proanalysis/list', '项目组分析查询', 'bar-chart', '2022-06-24 17:49:30', '2022-06-24 17:49:30', 3, 'POST /api/private/proanalysis/list');
INSERT INTO `mg_menus` VALUES (106, 97, 'POST /api/private/proanalysis/delete', '项目组删除', 'bar-chart', '2022-06-24 17:51:19', '2022-06-24 17:51:19', 3, 'POST /api/private/proanalysis/delete');
INSERT INTO `mg_menus` VALUES (107, 97, 'POST /api/private/proanalysis/create', '项目组创建', 'bar-chart', '2022-06-24 17:51:42', '2022-06-24 17:51:42', 3, 'POST /api/private/proanalysis/create');
INSERT INTO `mg_menus` VALUES (108, 97, 'POST /api/private/proanalysis/update', '项目组更新', 'bar-chart', '2022-06-24 17:51:58', '2022-06-24 17:51:58', 3, 'POST /api/private/proanalysis/update');
INSERT INTO `mg_menus` VALUES (109, 31, 'POST /api/private/upload', '上传图片', 'th-large', '2022-06-28 09:19:02', '2022-06-28 09:19:02', 3, 'POST /api/private/upload');
INSERT INTO `mg_menus` VALUES (110, 1, '/myWorld', '我的世界', 'street-view', '2022-09-21 19:13:02', '2022-09-21 19:32:35', 1, NULL);
INSERT INTO `mg_menus` VALUES (111, 110, '/myWorld/dir-travel-track', '旅游轨迹', 'ship', '2022-09-21 19:21:59', '2022-09-21 19:32:43', 2, NULL);
INSERT INTO `mg_menus` VALUES (112, 111, 'POST /api/private/travel/findOne', '增加地点', 'ship', '2022-11-12 16:03:54', '2022-11-12 16:03:54', 3, 'POST /api/private/travel/findOne');
INSERT INTO `mg_menus` VALUES (113, 111, 'POST /api/private/travel/createDetail', '旅游轨迹', 'ship', '2022-11-12 16:04:20', '2022-11-12 16:04:20', 3, 'POST /api/private/travel/createDetail');
INSERT INTO `mg_menus` VALUES (114, 111, 'POST /api/private/travel/deleteDetail', '旅游轨迹', 'ship', '2022-11-12 16:05:04', '2022-11-12 16:05:04', 3, 'POST /api/private/travel/deleteDetail');
INSERT INTO `mg_menus` VALUES (115, 111, 'POST /api/private/travel/listDetail', '旅游轨迹', 'ship', '2022-11-12 16:05:17', '2022-11-12 16:05:17', 3, 'POST /api/private/travel/listDetail');
INSERT INTO `mg_menus` VALUES (116, 111, 'POST /api/private/travel/updateDetail', '旅游轨迹', 'ship', '2022-11-12 16:05:28', '2022-11-12 16:05:28', 3, 'POST /api/private/travel/updateDetail');
INSERT INTO `mg_menus` VALUES (117, 111, 'POST /api/private/travel/findOneDetail', '旅游轨迹', 'ship', '2022-11-12 16:05:43', '2022-11-12 16:05:43', 3, 'POST /api/private/travel/findOneDetail');
INSERT INTO `mg_menus` VALUES (118, 111, 'POST /api/private/travel/create', '旅游轨迹', 'ship', '2022-11-12 16:06:23', '2022-11-12 16:06:23', 3, 'POST /api/private/travel/create');
INSERT INTO `mg_menus` VALUES (119, 111, 'POST /api/private/travel/list', '旅游轨迹', 'ship', '2022-11-12 16:06:34', '2022-11-12 16:06:34', 3, 'POST /api/private/travel/list');
INSERT INTO `mg_menus` VALUES (120, 111, 'POST /api/private/travel/delete', '旅游轨迹', 'ship', '2022-11-12 16:06:45', '2022-11-12 16:06:45', 3, 'POST /api/private/travel/delete');
INSERT INTO `mg_menus` VALUES (121, 111, 'POST /api/private/travel/update', '旅游轨迹', 'ship', '2022-11-12 16:06:56', '2022-11-12 16:06:56', 3, 'POST /api/private/travel/update');

-- ----------------------------
-- Table structure for mg_message
-- ----------------------------
DROP TABLE IF EXISTS `mg_message`;
CREATE TABLE `mg_message`  (
  `id` char(36) CHARACTER SET utf8 COLLATE utf8_bin NOT NULL,
  `email` varchar(255) CHARACTER SET utf8 COLLATE utf8_general_ci NULL DEFAULT NULL COMMENT '留言邮箱',
  `content` longtext CHARACTER SET utf8 COLLATE utf8_general_ci NULL COMMENT '留言内容',
  `createdAt` datetime NOT NULL,
  `updatedAt` datetime NOT NULL,
  `status` tinyint(1) NOT NULL COMMENT '回复状态',
  PRIMARY KEY (`id`) USING BTREE
) ENGINE = InnoDB CHARACTER SET = utf8 COLLATE = utf8_general_ci ROW_FORMAT = COMPACT;

-- ----------------------------
-- Records of mg_message
-- ----------------------------
INSERT INTO `mg_message` VALUES ('3a9292b0-7123-4e27-b500-a584e174d11c', '1840354092@qq.com', '我把我整个灵魂都给你，连同它的怪癖，耍小脾气，忽明忽暗，一千八百种坏毛病。它真讨厌，只有一点好，爱你', '2022-05-18 22:51:09', '2022-07-13 16:44:46', 1);
INSERT INTO `mg_message` VALUES ('4acf9eab-a588-4add-90bf-ae18b59eddb3', '3498653921@qq.com', '4534534', '2022-07-13 16:43:40', '2022-07-13 16:49:09', 1);
INSERT INTO `mg_message` VALUES ('abf77c02-82a6-405e-b558-67450b619b06', 'aaa@aa.com', 'this\'s a comment', '2022-09-21 16:21:58', '2022-09-21 16:21:58', 0);
INSERT INTO `mg_message` VALUES ('bd3e31ac-4592-489a-89b7-c540f8c10f2e', '张赛歌@qq.com', '我爱你', '2022-10-22 11:59:21', '2022-10-22 11:59:21', 0);
INSERT INTO `mg_message` VALUES ('ebfd037b-4715-41aa-9ad4-2b764f71959e', '@qq.com2302479479', '你不会来 总会有人来 只是我希望你来.\n（随便发嘞，抱歉！）', '2022-10-29 22:37:37', '2022-10-29 22:37:37', 0);
INSERT INTO `mg_message` VALUES ('f833f16b-4ecd-4f8a-a79a-25f96aef5728', '1840354092@qq.com', '``` js\n{key: \'syncs\', name: \'同步状态\', show: true, width: \'80\', enableSort: false, align: \"center\", fixed: \'right\'},\n{key: \'status\', name: \'投保状态\', show: true, width: \'80\', enableSort: false, align: \"center\", fixed: \'right\'},\n{key: \'toolButton\', name: \'操作\', show: true, width: \'120\', enableSort: false, align: \"center\", fixed: \'right\'},\n```', '2022-05-09 17:28:39', '2022-05-09 22:52:21', 1);

-- ----------------------------
-- Table structure for mg_musics
-- ----------------------------
DROP TABLE IF EXISTS `mg_musics`;
CREATE TABLE `mg_musics`  (
  `id` char(36) CHARACTER SET utf8 COLLATE utf8_bin NOT NULL,
  `name` varchar(255) CHARACTER SET utf8 COLLATE utf8_general_ci NULL DEFAULT NULL COMMENT '音乐名称',
  `author` varchar(255) CHARACTER SET utf8 COLLATE utf8_general_ci NULL DEFAULT NULL COMMENT '作者',
  `url` longtext CHARACTER SET utf8 COLLATE utf8_general_ci NULL COMMENT '地址',
  `cover` longtext CHARACTER SET utf8 COLLATE utf8_general_ci NULL COMMENT '封面',
  `lrc` longtext CHARACTER SET utf8 COLLATE utf8_general_ci NULL COMMENT '歌词',
  `createdAt` datetime NOT NULL,
  `updatedAt` datetime NOT NULL,
  PRIMARY KEY (`id`) USING BTREE
) ENGINE = InnoDB CHARACTER SET = utf8 COLLATE = utf8_general_ci ROW_FORMAT = COMPACT;

-- ----------------------------
-- Records of mg_musics
-- ----------------------------
INSERT INTO `mg_musics` VALUES ('9de5af04-a01f-441e-8c46-9408f6747239', '永不失联的爱', '单依纯', 'http://freetyst.nf.migu.cn/public/product9th/product45/2021/10/2716/2020%E5%B9%B412%E6%9C%8819%E6%97%A517%E7%82%B933%E5%88%86%E7%B4%A7%E6%80%A5%E5%86%85%E5%AE%B9%E5%87%86%E5%85%A5%E6%A2%A6%E5%93%8D%E5%BC%BA%E9%9F%B3274%E9%A6%96/%E5%85%A8%E6%9B%B2%E8%AF%95%E5%90%AC/Mp3_64_22_16/6404689Z1J9161225.mp3?channelid=02&msisdn=a426959b-6412-4b39-90e5-d51838056a15&Tim=1652019526567&Key=a0ad825b33820979', 'http://d.musicapp.migu.cn/prod/file-service/file-down/8121e8df41a5c12f48b69aea89b71dab/e27dccd008b264a4b76b35c4ed59abb1/acabc4887435b492e759069802d04dd5', '[00:00.16]周兴哲 - 永不失联的爱\n[00:01.09]词：饶雪漫\n[00:01.25]曲：周兴哲\n[00:23.05]亲爱的你躲在哪里发呆\n[00:28.79]有什么心事还无法释怀\n[00:34.37]我们总把人生想得太坏\n[00:39.99]像旁人不允许我们的怪\n[00:45.69]每一片与众不同的云彩\n[00:51.38]都需要找到天空去存在\n[00:56.96]我们都习惯了原地徘徊\n[01:02.61]却无法习惯被依赖\n[01:08.97]你给我 这一辈子都不想失联的爱\n[01:15.60]相信爱的征途就是星辰大海\n[01:20.62]美好剧情 不会更改\n[01:25.82]是命运最好的安排\n[01:31.50]你是我\n[01:33.30]这一辈子都不想失联的爱\n[01:38.27]何苦残忍逼我把手轻轻放开\n[01:43.18]请快回来 想听你说\n[01:48.43]说你还在\n[02:16.17]走过陪你看流星的天台\n[02:21.71]熬过失去你漫长的等待\n[02:27.36]好担心没人懂你的无奈\n[02:32.97]离开我谁还把你当小孩\n[02:38.79]我猜你一定也会想念我\n[02:44.23]也怕我失落在茫茫人海\n[02:49.90]没关系只要你肯回头望\n[02:55.52]会发现我一直都在\n[03:01.93]你给我 这一辈子都不想失联的爱\n[03:08.77]你的每条讯息都是心跳节拍\n[03:13.55]每秒都想 拥你入怀\n[03:18.78]全世界你最可爱\n[03:24.59]你是我 这一辈子都不想失联的爱\n[03:31.08]就算你的呼吸远在千山之外\n[03:36.09]请你相信 我给的爱\n[03:41.35]值得你爱', '2022-05-08 22:15:27', '2022-05-08 22:45:29');

-- ----------------------------
-- Table structure for mg_proAnalysis
-- ----------------------------
DROP TABLE IF EXISTS `mg_proAnalysis`;
CREATE TABLE `mg_proAnalysis`  (
  `id` char(36) CHARACTER SET utf8 COLLATE utf8_bin NOT NULL DEFAULT '',
  `pro_title` varchar(255) CHARACTER SET utf8 COLLATE utf8_general_ci NULL DEFAULT NULL COMMENT '项目组名称',
  `remark` varchar(255) CHARACTER SET utf8 COLLATE utf8_general_ci NULL DEFAULT NULL COMMENT '备注',
  `createdAt` datetime NOT NULL,
  `updatedAt` datetime NOT NULL,
  PRIMARY KEY (`id`) USING BTREE
) ENGINE = InnoDB CHARACTER SET = utf8 COLLATE = utf8_general_ci ROW_FORMAT = Compact;

-- ----------------------------
-- Records of mg_proAnalysis
-- ----------------------------
INSERT INTO `mg_proAnalysis` VALUES ('5a068b21-cfc0-4d12-9457-99a5e9409367', '氨基酸的浓度', 'Enzyme activity/(nmol/min/mg/prot)', '2022-06-24 20:21:05', '2022-06-24 20:22:29');
INSERT INTO `mg_proAnalysis` VALUES ('d261ee54-80b3-4377-b25b-bc4b078b148c', '酶活值', 'Enzyme activity/(nmol/min/mg/prot)', '2022-06-24 17:53:22', '2022-06-24 20:22:36');

-- ----------------------------
-- Table structure for mg_proanalysis
-- ----------------------------
DROP TABLE IF EXISTS `mg_proanalysis`;
CREATE TABLE `mg_proanalysis`  (
  `id` char(36) CHARACTER SET utf8 COLLATE utf8_bin NOT NULL,
  `pro_title` varchar(255) CHARACTER SET utf8 COLLATE utf8_general_ci NULL DEFAULT NULL COMMENT '项目组名称',
  `remark` varchar(255) CHARACTER SET utf8 COLLATE utf8_general_ci NULL DEFAULT NULL COMMENT '备注',
  `createdAt` datetime NOT NULL,
  `updatedAt` datetime NOT NULL,
  PRIMARY KEY (`id`) USING BTREE
) ENGINE = InnoDB CHARACTER SET = utf8 COLLATE = utf8_general_ci ROW_FORMAT = DYNAMIC;

-- ----------------------------
-- Records of mg_proanalysis
-- ----------------------------
INSERT INTO `mg_proanalysis` VALUES ('5a068b21-cfc0-4d12-9457-99a5e9409367', '氨基酸的浓度', 'Enzyme activity/(nmol/min/mg/prot)', '2022-06-24 20:21:05', '2022-06-24 20:22:29');
INSERT INTO `mg_proanalysis` VALUES ('d261ee54-80b3-4377-b25b-bc4b078b148c', '酶活值', 'Enzyme activity/(nmol/min/mg/prot)', '2022-06-24 17:53:22', '2022-06-24 20:22:36');

-- ----------------------------
-- Table structure for mg_roles
-- ----------------------------
DROP TABLE IF EXISTS `mg_roles`;
CREATE TABLE `mg_roles`  (
  `id` char(36) CHARACTER SET utf8 COLLATE utf8_bin NOT NULL,
  `role_name` varchar(255) CHARACTER SET utf8 COLLATE utf8_general_ci NULL DEFAULT NULL COMMENT '角色名称',
  `role_desc` varchar(255) CHARACTER SET utf8 COLLATE utf8_general_ci NULL DEFAULT NULL COMMENT '角色描述',
  `createdAt` datetime NOT NULL,
  `updatedAt` datetime NOT NULL,
  PRIMARY KEY (`id`) USING BTREE
) ENGINE = InnoDB CHARACTER SET = utf8 COLLATE = utf8_general_ci ROW_FORMAT = COMPACT;

-- ----------------------------
-- Records of mg_roles
-- ----------------------------
INSERT INTO `mg_roles` VALUES ('86deca84-5bdb-4ec4-8979-a72abcbc27bb', 'editor', '访客', '2022-04-28 10:23:17', '2022-05-13 10:05:16');
INSERT INTO `mg_roles` VALUES ('af709d7f-883d-4f94-884c-b6010e0a415c', 'admin', '超级管理员', '2022-04-26 11:49:25', '2022-04-26 11:49:25');

-- ----------------------------
-- Table structure for mg_roles_menus
-- ----------------------------
DROP TABLE IF EXISTS `mg_roles_menus`;
CREATE TABLE `mg_roles_menus`  (
  `id` char(36) CHARACTER SET utf8 COLLATE utf8_bin NOT NULL,
  `roleId` varchar(255) CHARACTER SET utf8 COLLATE utf8_general_ci NOT NULL COMMENT '角色ID',
  `menuIds` varchar(255) CHARACTER SET utf8 COLLATE utf8_general_ci NOT NULL COMMENT '菜单ID',
  `createdAt` datetime NOT NULL,
  `updatedAt` datetime NOT NULL,
  PRIMARY KEY (`id`) USING BTREE
) ENGINE = InnoDB CHARACTER SET = utf8 COLLATE = utf8_general_ci ROW_FORMAT = COMPACT;

-- ----------------------------
-- Records of mg_roles_menus
-- ----------------------------
INSERT INTO `mg_roles_menus` VALUES ('003b1c08-df1b-468e-9bc3-14eeb2f7db6f', 'af709d7f-883d-4f94-884c-b6010e0a415c', '106', '2022-11-12 16:07:18', '2022-11-12 16:07:18');
INSERT INTO `mg_roles_menus` VALUES ('04709167-99fa-473d-bf50-474395fd9523', 'af709d7f-883d-4f94-884c-b6010e0a415c', '13', '2022-11-12 16:07:18', '2022-11-12 16:07:18');
INSERT INTO `mg_roles_menus` VALUES ('0673ad18-4150-43d2-b862-6228639def4e', 'af709d7f-883d-4f94-884c-b6010e0a415c', '37', '2022-11-12 16:07:18', '2022-11-12 16:07:18');
INSERT INTO `mg_roles_menus` VALUES ('074fbcf0-bbed-46da-9cf4-56974fb128b7', 'af709d7f-883d-4f94-884c-b6010e0a415c', '61', '2022-11-12 16:07:18', '2022-11-12 16:07:18');
INSERT INTO `mg_roles_menus` VALUES ('0838b8fa-e2c8-4d9f-86e5-3b69147f0978', 'af709d7f-883d-4f94-884c-b6010e0a415c', '58', '2022-11-12 16:07:18', '2022-11-12 16:07:18');
INSERT INTO `mg_roles_menus` VALUES ('08a97b09-46e1-45b5-9595-30d21136f78b', '86deca84-5bdb-4ec4-8979-a72abcbc27bb', '5', '2022-06-28 19:10:03', '2022-06-28 19:10:03');
INSERT INTO `mg_roles_menus` VALUES ('0b477b3e-392e-4135-b37f-5c55ee0e3775', 'af709d7f-883d-4f94-884c-b6010e0a415c', '89', '2022-11-12 16:07:18', '2022-11-12 16:07:18');
INSERT INTO `mg_roles_menus` VALUES ('0b6df998-3061-479d-bee9-96127684ddc2', 'af709d7f-883d-4f94-884c-b6010e0a415c', '119', '2022-11-12 16:07:18', '2022-11-12 16:07:18');
INSERT INTO `mg_roles_menus` VALUES ('0c8aeefa-ea76-45b5-8abc-f4084bb627ba', '86deca84-5bdb-4ec4-8979-a72abcbc27bb', '6', '2022-06-28 19:10:03', '2022-06-28 19:10:03');
INSERT INTO `mg_roles_menus` VALUES ('0cd43d9f-26d7-4455-a5c1-2402b3d573ec', 'af709d7f-883d-4f94-884c-b6010e0a415c', '120', '2022-11-12 16:07:18', '2022-11-12 16:07:18');
INSERT INTO `mg_roles_menus` VALUES ('0ce1d82b-aad7-48d2-93b9-26134605d66f', '86deca84-5bdb-4ec4-8979-a72abcbc27bb', '3', '2022-06-28 19:10:03', '2022-06-28 19:10:03');
INSERT INTO `mg_roles_menus` VALUES ('15b9d1d5-e301-4ad6-9611-61f03606e436', '86deca84-5bdb-4ec4-8979-a72abcbc27bb', '56', '2022-06-28 19:10:03', '2022-06-28 19:10:03');
INSERT INTO `mg_roles_menus` VALUES ('1a5ee1f4-23eb-4ffa-8010-67817da76395', 'af709d7f-883d-4f94-884c-b6010e0a415c', '94', '2022-11-12 16:07:18', '2022-11-12 16:07:18');
INSERT INTO `mg_roles_menus` VALUES ('1bdac34e-54cd-4ec7-84d0-1c4860800774', 'af709d7f-883d-4f94-884c-b6010e0a415c', '102', '2022-11-12 16:07:18', '2022-11-12 16:07:18');
INSERT INTO `mg_roles_menus` VALUES ('1ec7901c-5137-42e4-a315-b5ab215bdaa1', 'af709d7f-883d-4f94-884c-b6010e0a415c', '108', '2022-11-12 16:07:18', '2022-11-12 16:07:18');
INSERT INTO `mg_roles_menus` VALUES ('1ecd5540-b5ac-4db7-b30d-5e872fe0f0a6', 'af709d7f-883d-4f94-884c-b6010e0a415c', '67', '2022-11-12 16:07:18', '2022-11-12 16:07:18');
INSERT INTO `mg_roles_menus` VALUES ('20306ecd-373f-47f8-934d-d26003243409', 'af709d7f-883d-4f94-884c-b6010e0a415c', '95', '2022-11-12 16:07:18', '2022-11-12 16:07:18');
INSERT INTO `mg_roles_menus` VALUES ('2527d8fc-17dd-43f3-848a-1ecce611b993', 'af709d7f-883d-4f94-884c-b6010e0a415c', '63', '2022-11-12 16:07:18', '2022-11-12 16:07:18');
INSERT INTO `mg_roles_menus` VALUES ('26da7e39-30d1-4b70-b62f-2ebd551be40b', 'af709d7f-883d-4f94-884c-b6010e0a415c', '51', '2022-11-12 16:07:18', '2022-11-12 16:07:18');
INSERT INTO `mg_roles_menus` VALUES ('29eace67-e026-4d7d-811f-dc1879999b78', 'af709d7f-883d-4f94-884c-b6010e0a415c', '59', '2022-11-12 16:07:18', '2022-11-12 16:07:18');
INSERT INTO `mg_roles_menus` VALUES ('2cf58cd1-747f-4780-aa67-ed5828bd57ae', 'af709d7f-883d-4f94-884c-b6010e0a415c', '118', '2022-11-12 16:07:18', '2022-11-12 16:07:18');
INSERT INTO `mg_roles_menus` VALUES ('2ec0da68-4ee8-4daa-931f-1d63c3a59547', 'af709d7f-883d-4f94-884c-b6010e0a415c', '44', '2022-11-12 16:07:18', '2022-11-12 16:07:18');
INSERT INTO `mg_roles_menus` VALUES ('306633c1-e30e-42bc-b3a9-8170daf87432', 'af709d7f-883d-4f94-884c-b6010e0a415c', '41', '2022-11-12 16:07:18', '2022-11-12 16:07:18');
INSERT INTO `mg_roles_menus` VALUES ('310145cc-2a5b-4c17-9037-5339f2566e82', 'af709d7f-883d-4f94-884c-b6010e0a415c', '87', '2022-11-12 16:07:18', '2022-11-12 16:07:18');
INSERT INTO `mg_roles_menus` VALUES ('31b2215e-f8e1-4bd6-8061-0e1ec16a297c', 'af709d7f-883d-4f94-884c-b6010e0a415c', '121', '2022-11-12 16:07:18', '2022-11-12 16:07:18');
INSERT INTO `mg_roles_menus` VALUES ('32381cad-b6ca-49a3-b011-378a85f5b94f', 'af709d7f-883d-4f94-884c-b6010e0a415c', '97', '2022-11-12 16:07:18', '2022-11-12 16:07:18');
INSERT INTO `mg_roles_menus` VALUES ('32d06aa7-083d-4cb5-bca2-504ccfcbed08', 'af709d7f-883d-4f94-884c-b6010e0a415c', '71', '2022-11-12 16:07:18', '2022-11-12 16:07:18');
INSERT INTO `mg_roles_menus` VALUES ('36f35983-5036-4623-ae76-bb4fc7f5a09f', 'af709d7f-883d-4f94-884c-b6010e0a415c', '34', '2022-11-12 16:07:18', '2022-11-12 16:07:18');
INSERT INTO `mg_roles_menus` VALUES ('38b504f7-bb18-4821-99f6-cb623063a3c2', 'af709d7f-883d-4f94-884c-b6010e0a415c', '105', '2022-11-12 16:07:18', '2022-11-12 16:07:18');
INSERT INTO `mg_roles_menus` VALUES ('3b5fd867-e705-44a0-b004-79f66206eec2', 'af709d7f-883d-4f94-884c-b6010e0a415c', '40', '2022-11-12 16:07:18', '2022-11-12 16:07:18');
INSERT INTO `mg_roles_menus` VALUES ('3bbf0753-2c91-4cd2-8aa2-97bc13a8e84f', '86deca84-5bdb-4ec4-8979-a72abcbc27bb', '49', '2022-06-28 19:10:03', '2022-06-28 19:10:03');
INSERT INTO `mg_roles_menus` VALUES ('3d41ae68-f40a-45ac-a20b-1276ed39956d', '86deca84-5bdb-4ec4-8979-a72abcbc27bb', '94', '2022-06-28 19:10:03', '2022-06-28 19:10:03');
INSERT INTO `mg_roles_menus` VALUES ('3d689b1b-0602-4cf5-90c1-4c7d320cb7fa', 'af709d7f-883d-4f94-884c-b6010e0a415c', '14', '2022-11-12 16:07:18', '2022-11-12 16:07:18');
INSERT INTO `mg_roles_menus` VALUES ('40d14708-eb7d-4a26-97fd-12d5a99f9d33', 'af709d7f-883d-4f94-884c-b6010e0a415c', '98', '2022-11-12 16:07:18', '2022-11-12 16:07:18');
INSERT INTO `mg_roles_menus` VALUES ('42aad4e5-4791-4e15-b018-e6e0bb105e91', 'af709d7f-883d-4f94-884c-b6010e0a415c', '101', '2022-11-12 16:07:18', '2022-11-12 16:07:18');
INSERT INTO `mg_roles_menus` VALUES ('4334d04d-cfb2-4687-b1cc-a01337f53bf0', 'af709d7f-883d-4f94-884c-b6010e0a415c', '39', '2022-11-12 16:07:18', '2022-11-12 16:07:18');
INSERT INTO `mg_roles_menus` VALUES ('45de5c33-0d2d-4616-a5cc-49bff89af565', 'af709d7f-883d-4f94-884c-b6010e0a415c', '64', '2022-11-12 16:07:18', '2022-11-12 16:07:18');
INSERT INTO `mg_roles_menus` VALUES ('46d39446-6b58-419a-be6c-930f263f5a6e', 'af709d7f-883d-4f94-884c-b6010e0a415c', '9', '2022-11-12 16:07:18', '2022-11-12 16:07:18');
INSERT INTO `mg_roles_menus` VALUES ('47526bc0-c6e9-44a7-9f23-fbb1e09e2953', 'af709d7f-883d-4f94-884c-b6010e0a415c', '65', '2022-11-12 16:07:18', '2022-11-12 16:07:18');
INSERT INTO `mg_roles_menus` VALUES ('47fff5b3-9477-4cee-a7af-cf8f91cb4cd8', 'af709d7f-883d-4f94-884c-b6010e0a415c', '56', '2022-11-12 16:07:18', '2022-11-12 16:07:18');
INSERT INTO `mg_roles_menus` VALUES ('49c40f13-72fa-403d-8fc6-8df89d73a3e0', '86deca84-5bdb-4ec4-8979-a72abcbc27bb', '13', '2022-06-28 19:10:03', '2022-06-28 19:10:03');
INSERT INTO `mg_roles_menus` VALUES ('49ea78fb-f345-46a7-931c-072668324175', 'af709d7f-883d-4f94-884c-b6010e0a415c', '33', '2022-11-12 16:07:18', '2022-11-12 16:07:18');
INSERT INTO `mg_roles_menus` VALUES ('4bfc8103-1187-4845-b26c-d1efe1094789', 'af709d7f-883d-4f94-884c-b6010e0a415c', '70', '2022-11-12 16:07:18', '2022-11-12 16:07:18');
INSERT INTO `mg_roles_menus` VALUES ('4c40b2e8-f263-4c55-9a9f-76fdcf4c98ec', '86deca84-5bdb-4ec4-8979-a72abcbc27bb', '73', '2022-06-28 19:10:03', '2022-06-28 19:10:03');
INSERT INTO `mg_roles_menus` VALUES ('4d93090a-9f9d-4ed4-8da6-41bebce2c60f', '86deca84-5bdb-4ec4-8979-a72abcbc27bb', '16', '2022-06-28 19:10:03', '2022-06-28 19:10:03');
INSERT INTO `mg_roles_menus` VALUES ('4de956cc-a097-4742-9bf0-4d41a402f771', '86deca84-5bdb-4ec4-8979-a72abcbc27bb', '11', '2022-06-28 19:10:03', '2022-06-28 19:10:03');
INSERT INTO `mg_roles_menus` VALUES ('4eb033a4-9fab-4af0-927d-d74991eebc5b', 'af709d7f-883d-4f94-884c-b6010e0a415c', '35', '2022-11-12 16:07:18', '2022-11-12 16:07:18');
INSERT INTO `mg_roles_menus` VALUES ('52968c12-b88d-48d6-92b9-23be4091e4c0', '86deca84-5bdb-4ec4-8979-a72abcbc27bb', '93', '2022-06-28 19:10:03', '2022-06-28 19:10:03');
INSERT INTO `mg_roles_menus` VALUES ('54cc0771-7f45-4df2-8062-5564704b8c0f', 'af709d7f-883d-4f94-884c-b6010e0a415c', '72', '2022-11-12 16:07:18', '2022-11-12 16:07:18');
INSERT INTO `mg_roles_menus` VALUES ('5555f59a-17c6-47e4-bd0d-78e151de472c', 'af709d7f-883d-4f94-884c-b6010e0a415c', '103', '2022-11-12 16:07:18', '2022-11-12 16:07:18');
INSERT INTO `mg_roles_menus` VALUES ('577fb4b8-888b-4bdb-b165-fa6d7ae9267e', 'af709d7f-883d-4f94-884c-b6010e0a415c', '47', '2022-11-12 16:07:18', '2022-11-12 16:07:18');
INSERT INTO `mg_roles_menus` VALUES ('5d0e7e96-30ca-4cd8-bd7d-32f833454a28', '86deca84-5bdb-4ec4-8979-a72abcbc27bb', '87', '2022-06-28 19:10:03', '2022-06-28 19:10:03');
INSERT INTO `mg_roles_menus` VALUES ('5d8710ee-6084-47ff-9457-24d3e3568922', '86deca84-5bdb-4ec4-8979-a72abcbc27bb', '80', '2022-06-28 19:10:03', '2022-06-28 19:10:03');
INSERT INTO `mg_roles_menus` VALUES ('5ef4f12f-5d6b-413c-a3fe-cc9d4adf497b', 'af709d7f-883d-4f94-884c-b6010e0a415c', '3', '2022-11-12 16:07:18', '2022-11-12 16:07:18');
INSERT INTO `mg_roles_menus` VALUES ('60356f34-a72d-4884-a220-3fff7cdfe7ab', 'af709d7f-883d-4f94-884c-b6010e0a415c', '43', '2022-11-12 16:07:18', '2022-11-12 16:07:18');
INSERT INTO `mg_roles_menus` VALUES ('6362bb1c-626d-46b2-981c-9773fa4b2da7', 'af709d7f-883d-4f94-884c-b6010e0a415c', '36', '2022-11-12 16:07:18', '2022-11-12 16:07:18');
INSERT INTO `mg_roles_menus` VALUES ('647bcfc2-9d1b-4bbe-94b3-4581d37a96ad', 'af709d7f-883d-4f94-884c-b6010e0a415c', '42', '2022-11-12 16:07:18', '2022-11-12 16:07:18');
INSERT INTO `mg_roles_menus` VALUES ('6589bb90-761f-4f92-9af2-bbc49cd0b14a', 'af709d7f-883d-4f94-884c-b6010e0a415c', '54', '2022-11-12 16:07:18', '2022-11-12 16:07:18');
INSERT INTO `mg_roles_menus` VALUES ('66212f03-fbb0-47a8-a8f6-c6b5eda35057', 'af709d7f-883d-4f94-884c-b6010e0a415c', '83', '2022-11-12 16:07:18', '2022-11-12 16:07:18');
INSERT INTO `mg_roles_menus` VALUES ('66bcb180-34b0-465b-b521-375fa2569836', '86deca84-5bdb-4ec4-8979-a72abcbc27bb', '12', '2022-06-28 19:10:03', '2022-06-28 19:10:03');
INSERT INTO `mg_roles_menus` VALUES ('68043933-e53d-40f3-9a14-32b81d894590', 'af709d7f-883d-4f94-884c-b6010e0a415c', '116', '2022-11-12 16:07:18', '2022-11-12 16:07:18');
INSERT INTO `mg_roles_menus` VALUES ('6a4afee1-3b5d-4495-b6ec-0f806688aaf3', 'af709d7f-883d-4f94-884c-b6010e0a415c', '75', '2022-11-12 16:07:18', '2022-11-12 16:07:18');
INSERT INTO `mg_roles_menus` VALUES ('6f93c0d5-933f-4701-9693-a6c18cf4f123', '86deca84-5bdb-4ec4-8979-a72abcbc27bb', '82', '2022-06-28 19:10:03', '2022-06-28 19:10:03');
INSERT INTO `mg_roles_menus` VALUES ('71ea9ed7-a7a0-4476-818c-e08679b9d742', '86deca84-5bdb-4ec4-8979-a72abcbc27bb', '7', '2022-06-28 19:10:03', '2022-06-28 19:10:03');
INSERT INTO `mg_roles_menus` VALUES ('768237c7-7332-4d4a-88a3-57ad332fe022', 'af709d7f-883d-4f94-884c-b6010e0a415c', '96', '2022-11-12 16:07:18', '2022-11-12 16:07:18');
INSERT INTO `mg_roles_menus` VALUES ('7e3436d8-11c0-4be3-9389-17bbaf760cc1', 'af709d7f-883d-4f94-884c-b6010e0a415c', '107', '2022-11-12 16:07:18', '2022-11-12 16:07:18');
INSERT INTO `mg_roles_menus` VALUES ('7e824cd8-06e8-4b23-898e-7d8c0fd54c6b', 'af709d7f-883d-4f94-884c-b6010e0a415c', '8', '2022-11-12 16:07:18', '2022-11-12 16:07:18');
INSERT INTO `mg_roles_menus` VALUES ('80b1363f-0667-48bc-8d32-488c1901849d', 'af709d7f-883d-4f94-884c-b6010e0a415c', '81', '2022-11-12 16:07:18', '2022-11-12 16:07:18');
INSERT INTO `mg_roles_menus` VALUES ('8363687b-8c58-4a90-9a6f-bcc2f3c554db', 'af709d7f-883d-4f94-884c-b6010e0a415c', '92', '2022-11-12 16:07:18', '2022-11-12 16:07:18');
INSERT INTO `mg_roles_menus` VALUES ('8526d368-53ed-4940-aa95-90daaa904f91', 'af709d7f-883d-4f94-884c-b6010e0a415c', '110', '2022-11-12 16:07:18', '2022-11-12 16:07:18');
INSERT INTO `mg_roles_menus` VALUES ('89a1bb36-bd14-4c36-b6c1-2e95b3b55d05', 'af709d7f-883d-4f94-884c-b6010e0a415c', '117', '2022-11-12 16:07:18', '2022-11-12 16:07:18');
INSERT INTO `mg_roles_menus` VALUES ('8d1b5dc6-d62c-4d7b-b9a7-8aa831f63237', 'af709d7f-883d-4f94-884c-b6010e0a415c', '88', '2022-11-12 16:07:18', '2022-11-12 16:07:18');
INSERT INTO `mg_roles_menus` VALUES ('8eb2af97-d633-4ed1-8b82-885a8a054c21', '86deca84-5bdb-4ec4-8979-a72abcbc27bb', '37', '2022-06-28 19:10:03', '2022-06-28 19:10:03');
INSERT INTO `mg_roles_menus` VALUES ('9034a37b-25bd-48a8-bb2d-3545c9ce2a12', 'af709d7f-883d-4f94-884c-b6010e0a415c', '52', '2022-11-12 16:07:18', '2022-11-12 16:07:18');
INSERT INTO `mg_roles_menus` VALUES ('9214ec84-6efc-4eb1-aa0d-f323b8b80bc1', 'af709d7f-883d-4f94-884c-b6010e0a415c', '57', '2022-11-12 16:07:18', '2022-11-12 16:07:18');
INSERT INTO `mg_roles_menus` VALUES ('921f300c-1f03-4c02-8f22-c70749e58914', 'af709d7f-883d-4f94-884c-b6010e0a415c', '109', '2022-11-12 16:07:18', '2022-11-12 16:07:18');
INSERT INTO `mg_roles_menus` VALUES ('9f16b1c0-88c9-409f-87f3-eedbaa69bc48', 'af709d7f-883d-4f94-884c-b6010e0a415c', '31', '2022-11-12 16:07:18', '2022-11-12 16:07:18');
INSERT INTO `mg_roles_menus` VALUES ('a03244ba-c23d-4515-a4af-1ea76940e22b', 'af709d7f-883d-4f94-884c-b6010e0a415c', '100', '2022-11-12 16:07:18', '2022-11-12 16:07:18');
INSERT INTO `mg_roles_menus` VALUES ('a101d8cc-cf41-473c-b7c1-9b704cb651a3', 'af709d7f-883d-4f94-884c-b6010e0a415c', '12', '2022-11-12 16:07:18', '2022-11-12 16:07:18');
INSERT INTO `mg_roles_menus` VALUES ('a1977661-9c0d-4d5d-bb82-7b1a2a513a7d', 'af709d7f-883d-4f94-884c-b6010e0a415c', '48', '2022-11-12 16:07:18', '2022-11-12 16:07:18');
INSERT INTO `mg_roles_menus` VALUES ('a1d7c6e3-8997-440d-928b-e12d3f2eaf13', 'af709d7f-883d-4f94-884c-b6010e0a415c', '50', '2022-11-12 16:07:18', '2022-11-12 16:07:18');
INSERT INTO `mg_roles_menus` VALUES ('a4042af0-bc81-40c2-875b-fef10a9f4db4', '86deca84-5bdb-4ec4-8979-a72abcbc27bb', '69', '2022-06-28 19:10:03', '2022-06-28 19:10:03');
INSERT INTO `mg_roles_menus` VALUES ('a774e27d-55ae-41a8-a91e-14cfe6869c1e', 'af709d7f-883d-4f94-884c-b6010e0a415c', '49', '2022-11-12 16:07:18', '2022-11-12 16:07:18');
INSERT INTO `mg_roles_menus` VALUES ('aab6ae6c-a177-47b6-901e-be4d3721e59c', 'af709d7f-883d-4f94-884c-b6010e0a415c', '62', '2022-11-12 16:07:18', '2022-11-12 16:07:18');
INSERT INTO `mg_roles_menus` VALUES ('ac320805-2174-4084-883f-8e99011d63c6', 'af709d7f-883d-4f94-884c-b6010e0a415c', '2', '2022-11-12 16:07:18', '2022-11-12 16:07:18');
INSERT INTO `mg_roles_menus` VALUES ('ac35dfe5-1209-4441-abe0-5a8f748b0d6b', 'af709d7f-883d-4f94-884c-b6010e0a415c', '15', '2022-11-12 16:07:18', '2022-11-12 16:07:18');
INSERT INTO `mg_roles_menus` VALUES ('ae35f627-33d7-48af-b7ab-eae6221cc5d9', '86deca84-5bdb-4ec4-8979-a72abcbc27bb', '2', '2022-06-28 19:10:03', '2022-06-28 19:10:03');
INSERT INTO `mg_roles_menus` VALUES ('b08f4024-9972-41a9-8bd0-1b2d1bbadb84', '86deca84-5bdb-4ec4-8979-a72abcbc27bb', '33', '2022-06-28 19:10:03', '2022-06-28 19:10:03');
INSERT INTO `mg_roles_menus` VALUES ('b226b11a-ecef-4df9-bf71-101d67901d2b', 'af709d7f-883d-4f94-884c-b6010e0a415c', '10', '2022-11-12 16:07:18', '2022-11-12 16:07:18');
INSERT INTO `mg_roles_menus` VALUES ('b6407a75-d045-4ff6-aa80-03932cab64db', '86deca84-5bdb-4ec4-8979-a72abcbc27bb', '41', '2022-06-28 19:10:03', '2022-06-28 19:10:03');
INSERT INTO `mg_roles_menus` VALUES ('b748502e-991b-406a-954d-89a0acf1f908', 'af709d7f-883d-4f94-884c-b6010e0a415c', '7', '2022-11-12 16:07:18', '2022-11-12 16:07:18');
INSERT INTO `mg_roles_menus` VALUES ('b9b91425-7df3-4e34-bc89-266dd8700e1b', 'af709d7f-883d-4f94-884c-b6010e0a415c', '55', '2022-11-12 16:07:18', '2022-11-12 16:07:18');
INSERT INTO `mg_roles_menus` VALUES ('bbe06f6e-dfb2-461a-8805-007d070c292b', 'af709d7f-883d-4f94-884c-b6010e0a415c', '46', '2022-11-12 16:07:18', '2022-11-12 16:07:18');
INSERT INTO `mg_roles_menus` VALUES ('c0b63f03-d1f1-4da4-86d3-79c081ad96f2', 'af709d7f-883d-4f94-884c-b6010e0a415c', '99', '2022-11-12 16:07:18', '2022-11-12 16:07:18');
INSERT INTO `mg_roles_menus` VALUES ('c1552695-d9d7-4b4e-ab5a-b0b649be4a20', '86deca84-5bdb-4ec4-8979-a72abcbc27bb', '10', '2022-06-28 19:10:03', '2022-06-28 19:10:03');
INSERT INTO `mg_roles_menus` VALUES ('c2811091-c908-4077-a36a-0c139dff67eb', 'af709d7f-883d-4f94-884c-b6010e0a415c', '84', '2022-11-12 16:07:18', '2022-11-12 16:07:18');
INSERT INTO `mg_roles_menus` VALUES ('c5bc1de8-4e10-4371-8c1a-909f4d3fcad6', 'af709d7f-883d-4f94-884c-b6010e0a415c', '74', '2022-11-12 16:07:18', '2022-11-12 16:07:18');
INSERT INTO `mg_roles_menus` VALUES ('c7f36413-192c-470d-83ee-f1f00aa0b8b5', 'af709d7f-883d-4f94-884c-b6010e0a415c', '111', '2022-11-12 16:07:18', '2022-11-12 16:07:18');
INSERT INTO `mg_roles_menus` VALUES ('c8024db8-fda6-40fd-b91e-eaaf3e3fc730', '86deca84-5bdb-4ec4-8979-a72abcbc27bb', '31', '2022-06-28 19:10:03', '2022-06-28 19:10:03');
INSERT INTO `mg_roles_menus` VALUES ('c8bb7a4b-8a1c-41da-b51b-ffe5d5357e1a', 'af709d7f-883d-4f94-884c-b6010e0a415c', '16', '2022-11-12 16:07:18', '2022-11-12 16:07:18');
INSERT INTO `mg_roles_menus` VALUES ('cabbceaf-becc-42e0-b351-9d9817250b68', 'af709d7f-883d-4f94-884c-b6010e0a415c', '90', '2022-11-12 16:07:18', '2022-11-12 16:07:18');
INSERT INTO `mg_roles_menus` VALUES ('cccbefe2-1ae0-4c6b-a31f-4fbe3c0198c2', 'af709d7f-883d-4f94-884c-b6010e0a415c', '115', '2022-11-12 16:07:18', '2022-11-12 16:07:18');
INSERT INTO `mg_roles_menus` VALUES ('cebe1dd8-1e64-45f9-a9c7-6033dbf60e90', 'af709d7f-883d-4f94-884c-b6010e0a415c', '45', '2022-11-12 16:07:18', '2022-11-12 16:07:18');
INSERT INTO `mg_roles_menus` VALUES ('cebff749-c0bf-4957-9437-f418988f27fe', 'af709d7f-883d-4f94-884c-b6010e0a415c', '69', '2022-11-12 16:07:18', '2022-11-12 16:07:18');
INSERT INTO `mg_roles_menus` VALUES ('d1f1be43-3b62-4ef2-aa88-f69b37a5bbf5', '86deca84-5bdb-4ec4-8979-a72abcbc27bb', '55', '2022-06-28 19:10:03', '2022-06-28 19:10:03');
INSERT INTO `mg_roles_menus` VALUES ('d3c93c82-2449-4f92-850e-96c57ac3c0b2', 'af709d7f-883d-4f94-884c-b6010e0a415c', '93', '2022-11-12 16:07:18', '2022-11-12 16:07:18');
INSERT INTO `mg_roles_menus` VALUES ('d721034a-6698-4a85-94e2-ebffc7c8e0db', 'af709d7f-883d-4f94-884c-b6010e0a415c', '68', '2022-11-12 16:07:18', '2022-11-12 16:07:18');
INSERT INTO `mg_roles_menus` VALUES ('d8488427-1481-4351-858e-bda11c547526', 'af709d7f-883d-4f94-884c-b6010e0a415c', '82', '2022-11-12 16:07:18', '2022-11-12 16:07:18');
INSERT INTO `mg_roles_menus` VALUES ('d9c0ce0d-70cc-4770-822d-a9f29ccfa0bf', '86deca84-5bdb-4ec4-8979-a72abcbc27bb', '81', '2022-06-28 19:10:03', '2022-06-28 19:10:03');
INSERT INTO `mg_roles_menus` VALUES ('dd05e761-0eae-4ed5-b76d-9a7dc52bac01', 'af709d7f-883d-4f94-884c-b6010e0a415c', '53', '2022-11-12 16:07:18', '2022-11-12 16:07:18');
INSERT INTO `mg_roles_menus` VALUES ('de519098-c6b4-4734-afcb-fa3ccb3c5609', 'af709d7f-883d-4f94-884c-b6010e0a415c', '11', '2022-11-12 16:07:18', '2022-11-12 16:07:18');
INSERT INTO `mg_roles_menus` VALUES ('e06cbbad-bcf6-4851-8122-63a418187a1e', 'af709d7f-883d-4f94-884c-b6010e0a415c', '91', '2022-11-12 16:07:18', '2022-11-12 16:07:18');
INSERT INTO `mg_roles_menus` VALUES ('e080064f-85c0-4bb4-b173-d80f677905ce', 'af709d7f-883d-4f94-884c-b6010e0a415c', '6', '2022-11-12 16:07:18', '2022-11-12 16:07:18');
INSERT INTO `mg_roles_menus` VALUES ('e44dccc1-3c4a-44e9-90f1-31317a07d3db', 'af709d7f-883d-4f94-884c-b6010e0a415c', '114', '2022-11-12 16:07:18', '2022-11-12 16:07:18');
INSERT INTO `mg_roles_menus` VALUES ('e4f6afec-5d61-4800-b203-4990a10f864a', 'af709d7f-883d-4f94-884c-b6010e0a415c', '60', '2022-11-12 16:07:18', '2022-11-12 16:07:18');
INSERT INTO `mg_roles_menus` VALUES ('e50f28c8-c39b-4366-b451-8b7963f9cd35', 'af709d7f-883d-4f94-884c-b6010e0a415c', '85', '2022-11-12 16:07:18', '2022-11-12 16:07:18');
INSERT INTO `mg_roles_menus` VALUES ('e6d9a336-aa7d-4e49-94ed-cd960aabc1a8', 'af709d7f-883d-4f94-884c-b6010e0a415c', '73', '2022-11-12 16:07:18', '2022-11-12 16:07:18');
INSERT INTO `mg_roles_menus` VALUES ('e97de89e-724f-4e4c-8e85-8dbe1ea34ce1', 'af709d7f-883d-4f94-884c-b6010e0a415c', '113', '2022-11-12 16:07:18', '2022-11-12 16:07:18');
INSERT INTO `mg_roles_menus` VALUES ('ecbc6358-346d-4ad6-ac31-8dcee623e348', 'af709d7f-883d-4f94-884c-b6010e0a415c', '104', '2022-11-12 16:07:18', '2022-11-12 16:07:18');
INSERT INTO `mg_roles_menus` VALUES ('ee70c095-9228-47ee-b422-e89e27d7a7a5', 'af709d7f-883d-4f94-884c-b6010e0a415c', '38', '2022-11-12 16:07:18', '2022-11-12 16:07:18');
INSERT INTO `mg_roles_menus` VALUES ('efc4b72b-9526-4424-9e3c-e3de2828ae68', 'af709d7f-883d-4f94-884c-b6010e0a415c', '80', '2022-11-12 16:07:18', '2022-11-12 16:07:18');
INSERT INTO `mg_roles_menus` VALUES ('f35b4a5f-ff49-40bc-9762-8df8416f2fea', 'af709d7f-883d-4f94-884c-b6010e0a415c', '86', '2022-11-12 16:07:18', '2022-11-12 16:07:18');
INSERT INTO `mg_roles_menus` VALUES ('f4bcd394-3fe2-4f53-a8de-dba74af770c9', 'af709d7f-883d-4f94-884c-b6010e0a415c', '66', '2022-11-12 16:07:18', '2022-11-12 16:07:18');
INSERT INTO `mg_roles_menus` VALUES ('f7007877-0204-4eb7-b0ad-fd48c13bfabd', 'af709d7f-883d-4f94-884c-b6010e0a415c', '32', '2022-11-12 16:07:18', '2022-11-12 16:07:18');
INSERT INTO `mg_roles_menus` VALUES ('f7a03919-cb76-4487-92e4-28b880ef932e', 'af709d7f-883d-4f94-884c-b6010e0a415c', '112', '2022-11-12 16:07:18', '2022-11-12 16:07:18');
INSERT INTO `mg_roles_menus` VALUES ('f7d7c437-5d29-4439-984d-f01b9c64b514', '86deca84-5bdb-4ec4-8979-a72abcbc27bb', '86', '2022-06-28 19:10:03', '2022-06-28 19:10:03');
INSERT INTO `mg_roles_menus` VALUES ('fecf5d91-aafe-4633-8e5f-756154efcb94', '86deca84-5bdb-4ec4-8979-a72abcbc27bb', '15', '2022-06-28 19:10:03', '2022-06-28 19:10:03');
INSERT INTO `mg_roles_menus` VALUES ('ff9969f9-4e79-4fe6-84c9-e511311797e7', 'af709d7f-883d-4f94-884c-b6010e0a415c', '5', '2022-11-12 16:07:18', '2022-11-12 16:07:18');

-- ----------------------------
-- Table structure for mg_socials
-- ----------------------------
DROP TABLE IF EXISTS `mg_socials`;
CREATE TABLE `mg_socials`  (
  `id` char(36) CHARACTER SET utf8 COLLATE utf8_bin NOT NULL,
  `title` varchar(255) CHARACTER SET utf8 COLLATE utf8_general_ci NULL DEFAULT NULL COMMENT '社交图标提示title',
  `icon` varchar(255) CHARACTER SET utf8 COLLATE utf8_general_ci NULL DEFAULT NULL COMMENT '社交个体的图标iconfont',
  `color` varchar(255) CHARACTER SET utf8 COLLATE utf8_general_ci NULL DEFAULT NULL COMMENT '图标颜色',
  `href` varchar(255) CHARACTER SET utf8 COLLATE utf8_general_ci NULL DEFAULT NULL COMMENT '社交链接',
  `text` varchar(255) CHARACTER SET utf8 COLLATE utf8_general_ci NULL DEFAULT NULL COMMENT '社交文字说明',
  `img` varchar(255) CHARACTER SET utf8 COLLATE utf8_general_ci NULL DEFAULT NULL COMMENT '社交图片',
  `createdAt` datetime NOT NULL,
  `updatedAt` datetime NOT NULL,
  PRIMARY KEY (`id`) USING BTREE
) ENGINE = InnoDB CHARACTER SET = utf8 COLLATE = utf8_general_ci ROW_FORMAT = COMPACT;

-- ----------------------------
-- Records of mg_socials
-- ----------------------------
INSERT INTO `mg_socials` VALUES ('25db3bee-d798-4bb3-abfd-c8b8d3e0fa60', '博客园', 'icon-blog', '#2E7ACC', 'https://www.cnblogs.com/zy-mg/', NULL, NULL, '2022-05-22 13:55:31', '2022-05-22 13:59:10');
INSERT INTO `mg_socials` VALUES ('4f92bd85-5c4c-4adc-98ac-a0ce4b5d0816', '知乎', 'icon-shejiaotubiao-46', '#0196FE', 'https://www.zhihu.com/people/mang-guo-kuai-shou', NULL, NULL, '2022-05-22 14:00:56', '2022-05-22 14:00:56');
INSERT INTO `mg_socials` VALUES ('64d7068d-2fd6-4906-971f-4f588340281e', '掘金', 'icon-youxiang1', '#0396F8', 'https://juejin.cn/user/2538119053196926', '', NULL, '2022-05-07 17:09:23', '2022-08-26 11:44:45');
INSERT INTO `mg_socials` VALUES ('90490802-b8c3-4766-85b5-82904a27cd5e', 'Gitee', 'icon-gitee', '#ff6d6d', 'https://gitee.com/Z568_568', '', '', '2022-04-24 10:55:49', '2022-04-24 10:55:49');
INSERT INTO `mg_socials` VALUES ('acfe1269-ef2c-49bd-829c-28c8f53ec057', 'github', 'icon-github', '#24292F', 'https://github.com/ZHYI-source', NULL, NULL, '2022-05-08 20:19:42', '2022-05-08 20:19:42');

-- ----------------------------
-- Table structure for mg_sorts
-- ----------------------------
DROP TABLE IF EXISTS `mg_sorts`;
CREATE TABLE `mg_sorts`  (
  `id` char(36) CHARACTER SET utf8 COLLATE utf8_bin NOT NULL,
  `sort_name` varchar(255) CHARACTER SET utf8 COLLATE utf8_general_ci NULL DEFAULT NULL COMMENT '分类名称',
  `sort_desc` varchar(255) CHARACTER SET utf8 COLLATE utf8_general_ci NULL DEFAULT NULL COMMENT '分类描述',
  `sort_path` varchar(255) CHARACTER SET utf8 COLLATE utf8_general_ci NULL DEFAULT NULL COMMENT '分类页面路径',
  `createdAt` datetime NOT NULL,
  `updatedAt` datetime NOT NULL,
  PRIMARY KEY (`id`) USING BTREE
) ENGINE = InnoDB CHARACTER SET = utf8 COLLATE = utf8_general_ci ROW_FORMAT = COMPACT;

-- ----------------------------
-- Records of mg_sorts
-- ----------------------------
INSERT INTO `mg_sorts` VALUES ('1ba60c63-9cf9-4e98-9858-c934f44aa511', '后端', '后端相关文章', '/comment/index', '2022-04-17 11:11:26', '2022-04-26 14:08:23');
INSERT INTO `mg_sorts` VALUES ('4ecc1acc-e2fa-489c-a288-ce8fd8bfa132', '小程序', 'uniapp相关技术', NULL, '2022-05-20 19:20:05', '2022-05-20 19:20:05');
INSERT INTO `mg_sorts` VALUES ('9a58d27b-ed33-4cfa-a1a7-af4e8d46e9c6', '前端', '前端相关文章', '/comment/index', '2022-04-17 11:26:37', '2022-04-26 14:08:06');
INSERT INTO `mg_sorts` VALUES ('d8fe526f-b9a3-44c2-9cee-625b84f2156c', '日记', '记录工作中的日常笔记', NULL, '2022-05-08 19:11:44', '2022-05-08 19:11:44');

-- ----------------------------
-- Table structure for mg_tags
-- ----------------------------
DROP TABLE IF EXISTS `mg_tags`;
CREATE TABLE `mg_tags`  (
  `id` char(36) CHARACTER SET utf8 COLLATE utf8_bin NOT NULL,
  `tag_name` varchar(255) CHARACTER SET utf8 COLLATE utf8_general_ci NULL DEFAULT NULL COMMENT '标签名称',
  `tag_desc` varchar(255) CHARACTER SET utf8 COLLATE utf8_general_ci NULL DEFAULT NULL COMMENT '标签描述',
  `createdAt` datetime NOT NULL,
  `updatedAt` datetime NOT NULL,
  PRIMARY KEY (`id`) USING BTREE
) ENGINE = InnoDB CHARACTER SET = utf8 COLLATE = utf8_general_ci ROW_FORMAT = COMPACT;

-- ----------------------------
-- Records of mg_tags
-- ----------------------------
INSERT INTO `mg_tags` VALUES ('113198e4-6c8e-402d-8738-9dbf27583d80', 'react-router-dom.V6', NULL, '2022-06-17 09:42:20', '2022-06-17 09:42:20');
INSERT INTO `mg_tags` VALUES ('27c724b3-19db-4e8e-952a-91740ba6f498', '笔记', NULL, '2022-08-26 11:27:22', '2022-08-26 11:27:22');
INSERT INTO `mg_tags` VALUES ('3508d25d-383a-41ac-8992-436f7c12e46d', 'CSS3', NULL, '2022-05-20 19:16:25', '2022-05-20 19:16:25');
INSERT INTO `mg_tags` VALUES ('5ebf25ef-93ed-4625-8cb0-b8c185f2ee55', 'blog', NULL, '2022-05-20 19:18:35', '2022-05-20 19:18:35');
INSERT INTO `mg_tags` VALUES ('6373f201-f8ce-46af-85be-c58ba439a278', 'Java', NULL, '2022-07-22 10:06:36', '2022-07-22 10:06:36');
INSERT INTO `mg_tags` VALUES ('7cef493a-1070-4de7-a8e0-7637d3ed4cce', '小程序', NULL, '2022-05-20 19:17:27', '2022-05-20 19:17:27');
INSERT INTO `mg_tags` VALUES ('86c6f25e-580e-4ec2-87b8-14c1f272d5a0', 'JavaScript', NULL, '2022-05-09 14:35:37', '2022-05-20 19:16:46');
INSERT INTO `mg_tags` VALUES ('8f3bd5f0-1cec-42e9-86cc-78d917f70fa4', 'Redux', NULL, '2022-06-17 09:41:52', '2022-06-17 09:41:52');
INSERT INTO `mg_tags` VALUES ('acca07b2-3ae4-4f09-9aa6-e3eec4e5745d', 'mysql', NULL, '2022-05-07 22:28:31', '2022-05-07 22:28:31');
INSERT INTO `mg_tags` VALUES ('bb2bcdff-249d-4663-b95c-426c9e4ac5db', 'react.js', 'react.js', '2022-04-16 21:36:42', '2022-05-07 22:27:35');
INSERT INTO `mg_tags` VALUES ('beaea537-24ad-45a1-93e3-cac43f2a735e', 'vue.js', '', '2022-04-16 20:46:36', '2022-05-08 16:14:23');
INSERT INTO `mg_tags` VALUES ('c12dc649-f95f-4b17-9a38-82f6cbd1d2e5', 'node.js', 'node.js', '2022-04-17 11:25:42', '2022-05-07 22:27:58');
INSERT INTO `mg_tags` VALUES ('c1872f4e-7b81-44c0-ad07-7657530d6fac', 'Html5', NULL, '2022-05-20 19:17:03', '2022-05-20 19:17:03');
INSERT INTO `mg_tags` VALUES ('e973bae4-a895-4c6e-8400-c52ce2594cb0', 'express.js', ' ', '2022-04-17 11:15:04', '2022-05-07 22:28:10');
INSERT INTO `mg_tags` VALUES ('f78f1211-08e6-4cac-8ec4-8a9878f9d0cb', 'sequlize', 'sequlize', '2022-04-16 20:50:13', '2022-05-07 22:28:23');
INSERT INTO `mg_tags` VALUES ('f7c91cca-8c5a-4a5b-919e-1b5bc024b8d7', 'uniApp', NULL, '2022-05-20 19:17:15', '2022-05-20 19:17:15');

-- ----------------------------
-- Table structure for mg_travel
-- ----------------------------
DROP TABLE IF EXISTS `mg_travel`;
CREATE TABLE `mg_travel`  (
  `id` char(36) CHARACTER SET utf8 COLLATE utf8_bin NOT NULL,
  `city` varchar(255) CHARACTER SET utf8 COLLATE utf8_general_ci NULL DEFAULT NULL COMMENT '城市名称',
  `latitude` varchar(255) CHARACTER SET utf8 COLLATE utf8_general_ci NULL DEFAULT NULL COMMENT '经度',
  `longitude` varchar(255) CHARACTER SET utf8 COLLATE utf8_general_ci NULL DEFAULT NULL COMMENT '纬度',
  `title` varchar(255) CHARACTER SET utf8 COLLATE utf8_general_ci NULL DEFAULT NULL COMMENT '旅行标题',
  `budget` varchar(255) CHARACTER SET utf8 COLLATE utf8_general_ci NULL DEFAULT NULL COMMENT '旅行预算',
  `img` longtext CHARACTER SET utf8 COLLATE utf8_general_ci NULL COMMENT '城市图片',
  `date` longtext CHARACTER SET utf8 COLLATE utf8_general_ci NULL COMMENT '旅行时间',
  `memoirTxt` longtext CHARACTER SET utf8 COLLATE utf8_general_ci NULL COMMENT '旅行回忆录',
  `memoirImgs` longtext CHARACTER SET utf8 COLLATE utf8_general_ci NULL COMMENT '旅行照片',
  `createdAt` datetime NOT NULL,
  `updatedAt` datetime NOT NULL,
  PRIMARY KEY (`id`) USING BTREE
) ENGINE = InnoDB CHARACTER SET = utf8 COLLATE = utf8_general_ci ROW_FORMAT = Compact;

-- ----------------------------
-- Records of mg_travel
-- ----------------------------
INSERT INTO `mg_travel` VALUES ('1865e87e-1da1-403f-96dc-0fb1b11f01b5', '北京', '39.984104', '116.39534686445768', '的撒大', '3000', 'http://zhouyi.run:5222/api/public/admin/getFiles?id=76be46c52f508c0557eec3340bf0aa4d.jpg&&mimetype=image/jpeg', '', NULL, NULL, '2022-10-22 12:40:13', '2022-11-12 16:14:17');
INSERT INTO `mg_travel` VALUES ('ae6a35b9-e604-4a53-92b0-9805d60fb630', '沈阳市', '41.66336477848874', '123.46598575315863', '范德萨发达', '3625.36', 'http://zhouyi.run:5222/api/public/admin/getFiles?id=fcb94cae384f7bf5c091fc4b48d2a743.jpg&&mimetype=image/jpeg', '', NULL, NULL, '2022-09-26 15:53:59', '2022-11-12 16:12:11');

-- ----------------------------
-- Table structure for mg_travel_detail
-- ----------------------------
DROP TABLE IF EXISTS `mg_travel_detail`;
CREATE TABLE `mg_travel_detail`  (
  `id` char(36) CHARACTER SET utf8 COLLATE utf8_bin NOT NULL,
  `travel_id` varchar(255) CHARACTER SET utf8 COLLATE utf8_general_ci NULL DEFAULT NULL COMMENT '旅行id',
  `city` varchar(255) CHARACTER SET utf8 COLLATE utf8_general_ci NULL DEFAULT NULL COMMENT '地点',
  `latitude` varchar(255) CHARACTER SET utf8 COLLATE utf8_general_ci NULL DEFAULT NULL COMMENT '经度',
  `longitude` varchar(255) CHARACTER SET utf8 COLLATE utf8_general_ci NULL DEFAULT NULL COMMENT '纬度',
  `planDate` varchar(255) CHARACTER SET utf8 COLLATE utf8_general_ci NULL DEFAULT NULL COMMENT '旅行计划日期',
  `duration` varchar(255) CHARACTER SET utf8 COLLATE utf8_general_ci NULL DEFAULT NULL COMMENT '持续时间',
  `isDone` tinyint(1) NULL DEFAULT 0 COMMENT '是否完成',
  `planTxt` longtext CHARACTER SET utf8 COLLATE utf8_general_ci NULL COMMENT '计划内容',
  `planImgs` longtext CHARACTER SET utf8 COLLATE utf8_general_ci NULL COMMENT '照片',
  `mark` longtext CHARACTER SET utf8 COLLATE utf8_general_ci NULL COMMENT '备注',
  `createdAt` datetime NOT NULL,
  `updatedAt` datetime NOT NULL,
  PRIMARY KEY (`id`) USING BTREE
) ENGINE = InnoDB CHARACTER SET = utf8 COLLATE = utf8_general_ci ROW_FORMAT = Compact;

-- ----------------------------
-- Records of mg_travel_detail
-- ----------------------------
INSERT INTO `mg_travel_detail` VALUES ('2c72f045-7d14-444c-a833-90f96c3bd9de', '1865e87e-1da1-403f-96dc-0fb1b11f01b5', '百工博物馆', '39.88378254065453', '116.4352714625768', '2022-10-21', '3', 1, '', '', '', '2022-10-22 12:41:01', '2022-10-22 12:41:01');
INSERT INTO `mg_travel_detail` VALUES ('d2d6f9e5-1b78-4a6a-b5d7-866aa2094b55', 'ae6a35b9-e604-4a53-92b0-9805d60fb630', '北京', '39.95044173026311', '116.43926880192521', '2022-09-27', '2', 1, '456', '', '16', '2022-09-26 16:01:27', '2022-11-12 16:12:27');

-- ----------------------------
-- Table structure for mg_users
-- ----------------------------
DROP TABLE IF EXISTS `mg_users`;
CREATE TABLE `mg_users`  (
  `id` char(36) CHARACTER SET utf8 COLLATE utf8_bin NOT NULL,
  `username` varchar(255) CHARACTER SET utf8 COLLATE utf8_general_ci NULL DEFAULT 'admin' COMMENT '用户名',
  `password` varchar(255) CHARACTER SET utf8 COLLATE utf8_general_ci NULL DEFAULT 'Vchs0bbdk2pr/Ac6DsHruw==' COMMENT '密码',
  `nickName` varchar(255) CHARACTER SET utf8 COLLATE utf8_general_ci NULL DEFAULT 'John Doe' COMMENT '昵称',
  `verificationCode` int(11) NULL DEFAULT NULL,
  `createdAt` datetime NOT NULL COMMENT '创建时间',
  `updatedAt` datetime NOT NULL COMMENT '更新时间',
  `roleId` varchar(255) CHARACTER SET utf8 COLLATE utf8_general_ci NOT NULL COMMENT '角色ID',
  `state` tinyint(1) NULL DEFAULT NULL COMMENT '状态',
  PRIMARY KEY (`id`) USING BTREE
) ENGINE = InnoDB CHARACTER SET = utf8 COLLATE = utf8_general_ci ROW_FORMAT = COMPACT;

-- ----------------------------
-- Records of mg_users
-- ----------------------------
INSERT INTO `mg_users` VALUES ('cb404a29-c68f-495f-97f0-d3d0e8369853', 'editor', 'Vchs0bbdk2pr/Ac6DsHruw==', 'Editor', NULL, '2022-04-28 17:49:36', '2022-07-04 09:31:09', '86deca84-5bdb-4ec4-8979-a72abcbc27bb', 1);
INSERT INTO `mg_users` VALUES ('e5d03ffa-39ee-42d5-a9e3-2bba1c987bd1', 'admin', 'Qr5BD0giQp0cVTK61LzGoErxKc41f2LVAGOUf1MLKVU=', '芒果快熟', NULL, '2022-04-26 21:53:54', '2022-06-24 21:42:16', 'af709d7f-883d-4f94-884c-b6010e0a415c', 1);

-- ----------------------------
-- Table structure for mg_visitor
-- ----------------------------
DROP TABLE IF EXISTS `mg_visitor`;
CREATE TABLE `mg_visitor`  (
  `id` char(36) CHARACTER SET utf8 COLLATE utf8_bin NOT NULL,
  `count` int(11) NULL DEFAULT NULL COMMENT '访问次数',
  `username` varchar(255) CHARACTER SET utf8 COLLATE utf8_general_ci NULL DEFAULT NULL COMMENT '用户名',
  `browser` varchar(255) CHARACTER SET utf8 COLLATE utf8_general_ci NULL DEFAULT NULL COMMENT '浏览器',
  `os` varchar(255) CHARACTER SET utf8 COLLATE utf8_general_ci NULL DEFAULT NULL COMMENT '操作系统',
  `type` int(11) NULL DEFAULT NULL COMMENT '项目类型',
  `ipaddr` varchar(255) CHARACTER SET utf8 COLLATE utf8_general_ci NULL DEFAULT NULL COMMENT 'IP',
  `loginLocation` varchar(255) CHARACTER SET utf8 COLLATE utf8_general_ci NULL DEFAULT NULL COMMENT '地址',
  `createdAt` datetime NOT NULL,
  `updatedAt` datetime NOT NULL,
  PRIMARY KEY (`id`) USING BTREE
) ENGINE = InnoDB CHARACTER SET = utf8 COLLATE = utf8_general_ci ROW_FORMAT = COMPACT;

-- ----------------------------
-- Records of mg_visitor
-- ----------------------------
INSERT INTO `mg_visitor` VALUES ('1506bbb2-ccd1-48d3-9888-80693f684772', 2, 'visitor', 'Chrome.v102', 'Windows_NT10.0.19044 x64', 0, '117.188.31.208', '中国-贵州-贵阳', '2022-06-19 14:39:37', '2022-06-19 14:39:42');
INSERT INTO `mg_visitor` VALUES ('2f7c9899-4151-47e5-b26f-ac15e7e90900', 2, 'visitor', 'Chrome.v105', 'Linux3.10.0-1160.31.1.el7.x86_64 x64', 1, '117.188.15.67', '中国-贵州-贵阳', '2022-09-22 21:15:15', '2022-09-22 22:00:41');
INSERT INTO `mg_visitor` VALUES ('3bd0d2e7-0444-4796-a3b5-a9d35c200bd6', 3, 'visitor', 'Chrome.v102', 'Windows_NT10.0.19044 x64', 1, '111.121.10.219', '中国-贵州-贵阳', '2022-06-22 15:02:44', '2022-06-22 15:57:58');
INSERT INTO `mg_visitor` VALUES ('499b32c4-80ad-4136-9c42-95a3dde58831', 1, 'visitor', 'Chrome.v102', 'Windows_NT10.0.19044 x64', 1, '117.188.12.226', '中国-贵州-贵阳', '2022-06-24 22:16:37', '2022-06-24 22:16:37');
INSERT INTO `mg_visitor` VALUES ('a1894694-cd0c-460e-9317-0c0194bbd4d7', 23, 'visitor', 'Chrome.v105', 'Linux3.10.0-1160.31.1.el7.x86_64 x64', 1, '117.188.15.67', '中国-贵州-贵阳', '2022-09-21 18:01:33', '2022-09-21 19:21:28');
INSERT INTO `mg_visitor` VALUES ('c1ef320a-021c-4f04-b9a2-88af73c47369', 2, 'visitor', 'Chrome.v107', 'Windows_NT10.0.22000 x64', 1, '103.238.35.102', '中国-贵州-贵阳', '2022-11-12 15:42:21', '2022-11-12 15:48:05');
INSERT INTO `mg_visitor` VALUES ('d141ead3-df34-4d75-aa37-d5d0c523f0fc', 5, 'visitor', 'Chrome.v102', 'Windows_NT10.0.19044 x64', 1, '111.121.46.173', '中国-贵州-贵阳', '2022-06-23 09:41:22', '2022-06-23 14:22:33');

-- ----------------------------
-- Table structure for mg_website
-- ----------------------------
DROP TABLE IF EXISTS `mg_website`;
CREATE TABLE `mg_website`  (
  `id` char(36) CHARACTER SET utf8 COLLATE utf8_bin NOT NULL,
  `avatar` varchar(255) CHARACTER SET utf8 COLLATE utf8_general_ci NULL DEFAULT NULL COMMENT '站点主头像',
  `name` varchar(255) CHARACTER SET utf8 COLLATE utf8_general_ci NULL DEFAULT NULL COMMENT '站点名称',
  `slogan` varchar(255) CHARACTER SET utf8 COLLATE utf8_general_ci NULL DEFAULT NULL COMMENT '站点格言',
  `domain` varchar(255) CHARACTER SET utf8 COLLATE utf8_general_ci NULL DEFAULT NULL COMMENT '站点主页',
  `notice` varchar(255) CHARACTER SET utf8 COLLATE utf8_general_ci NULL DEFAULT NULL COMMENT '站点通知',
  `desc` varchar(255) CHARACTER SET utf8 COLLATE utf8_general_ci NULL DEFAULT NULL COMMENT '站点描述',
  `globalStyle` varchar(255) CHARACTER SET utf8 COLLATE utf8_general_ci NULL DEFAULT NULL COMMENT '站点全局样式：公祭日置灰等',
  `createdAt` datetime NOT NULL,
  `updatedAt` datetime NOT NULL,
  PRIMARY KEY (`id`) USING BTREE
) ENGINE = InnoDB CHARACTER SET = utf8 COLLATE = utf8_general_ci ROW_FORMAT = COMPACT;

-- ----------------------------
-- Records of mg_website
-- ----------------------------
INSERT INTO `mg_website` VALUES ('7d5a2521-9a6d-410d-8531-f07afe4c3b92', 'http://zhouyi.run:5222/api/public/admin/getFiles?id=5d38c26acf509bdcab4f8c677ce90088.png&&mimetype=image/png', 'MG′blog', 'Be encouraged in time, time waits for no one.', 'https://www.zhouyi.run', '抱歉 本站点明天到期了···', '一个It技术的探索者', '', '2022-04-23 13:00:04', '2022-10-30 12:33:38');

SET FOREIGN_KEY_CHECKS = 1;
